"FOSAID","GovtFOSACode","FOSAName","TypeFOSAabbreviation","ProvinceCode","ProvCode","ProvinceName","DistrictCode","DistrictName","SectorCode","SectorName","LatitudeDecimal","LongitudeDecimal","PrivatePublic","Population","PopulationYear","PopulationSource","CFCode","ParentFOSAName","Annee","codeTStrucSan"
454,"1101","Nyamata HD","HD","05","05","EST","0507","BUGESERA","050710","Nyamata",-2.13847,30.07988,"public",333693,2002,"National Census",12,,2009,"HD"
457,"111202","Rilima","CS","05","05","EST","0507","BUGESERA","050712","Ririma",-2.17997,30.2239,"agree",47749,2002,"National Census",4,"Nyamata HD",2009,"CS"
455,"111401","Nzangwa","CS","05",,"EST","0507","BUGESERA",,,-2.33945,30.26522,"public",21338,2002,"National Census",6,"Nyamata HD",2009,"CS"
458,"111301","Ruhuha","CS","05","05","EST","0507","BUGESERA","050713","Ruhuha",-2.31,30.05442,"agree",28771,2002,"National Census",1,"Nyamata HD",2009,"CS"
453,"111001","Nyamata","CS","05","05","EST","0507","BUGESERA","050710","Nyamata",-2.14697,30.09117,"public",31170,2002,"National Census",5,"Nyamata HD",2009,"CS"
452,"110701","Mwogo","CS","05","05","EST","0507","BUGESERA","050707","Mwogo",-2.0844,30.15665,"public",17340,2002,"National Census",10,"Nyamata HD",2009,"CS"
451,"110501","Mayange","CS","05","05","EST","0507","BUGESERA","050705","Mayange",-2.20678,30.14458,"public",22584,2002,"National Census",2,"Nyamata HD",2009,"CS"
450,"110401","Mareba","CS","05","05","EST","0507","BUGESERA","050704","Mareba",-2.24782,30.07023,"public",31977,2002,"National Census",9,"Nyamata HD",2009,"CS"
449,"110301","Kamabuye","CS","05","05","EST","0507","BUGESERA","050703","Kamabuye",-2.37192,30.13015,"public",29091,2002,"National Census",8,"Nyamata HD",2009,"CS"
448,"111501","Gihinga","CS","05","05","EST","0507","BUGESERA","050715","Shyara",-2.27062,30.00759,"public",28288,2002,"National Census",7,"Nyamata HD",2009,"CS"
447,"110101","Gashora","CS","05","05","EST","0507","BUGESERA","050701","Gashora",-2.20553,30.24503,"public",21651,2002,"National Census",3,"Nyamata HD",2009,"CS"
446,"110601","Gakurazo","CS","05","05","EST","0507","BUGESERA","050706","Musenyi",-2.18537,30.02538,"public",16370,2002,"National Census",11,"Nyamata HD",2009,"CS"
456,"111201","Prison Rilima (via CS)","PRIS","05","05","EST","0507","BUGESERA","050712","Ririma",-2.17997,30.2239,"public",9076,2002,"National Census",,,2009,"XX"
397,"121001","Ngarama","CS","05","05","EST","0503","GATSIBO","050310","Ngarama",-1.54608,30.25975,"public",29685,2002,"National Census",370,"Ngarama HD",2009,"CS"
391,"120401","Kabarore","CS","05","05","EST","0503","GATSIBO","050304","Kabarore",-1.62425,30.38868,"public",49846,2002,"National Census",379,"Kiziguro HD",2009,"CS"
392,"120502","Kageyo","CS","05","05","EST","0503","GATSIBO","050305","Kageyo",-1.67965,30.27093,"public",11385,2002,"National Census",369,"Ngarama HD",2009,"CS"
393,"120402","Kibondo","CS","05","05","EST","0503","GATSIBO","050304","Kabarore",-1.56397,30.31911,"public",16486,2002,"National Census",375,"Ngarama HD",2009,"CS"
394,"120701","Kiziguro","CS","05","05","EST","0503","GATSIBO","050307","Kiziguro",-1.76625,30.3848,"agree",29464,2002,"National Census",377,"Kiziguro HD",2009,"CS"
395,"1201","Kiziguro HD","HD","05","05","EST","0503","GATSIBO","050307","Kiziguro",-1.76667,30.38478,"agree",195423,2002,"National Census",380,,2009,"HD"
396,"120801","Muhura","CS","05","05","EST","0503","GATSIBO","050308","Muhura",-1.75873,30.29203,"agree",30985,2002,"National Census",381,"Kiziguro HD",2009,"CS"
398,"1202","Ngarama HD","HD","05","05","EST","0503","GATSIBO","050310","Ngarama",-1.5462,30.24285,"public",126245,2002,"National Census",374,,2009,"HD"
399,"120202","Nyagahanga","CS","05","05","EST","0503","GATSIBO","050302","Gatsibo",-1.60967,30.22053,"public",23586,2002,"National Census",368,"Ngarama HD",2009,"CS"
400,"121101","Nyagihanga","CS","05","05","EST","0503","GATSIBO","050311","Nyagihanga",,,"public",21705,2002,"National Census",382,"Ngarama HD",2009,"CS"
401,"121301","Rugarama","CS","05","05","EST","0503","GATSIBO","050313","Rugarama",-1.70047,30.41063,"public",20563,2002,"National Census",383,"Kiziguro HD",2009,"CS"
390,"121202","Humure","CS","05","05","EST","0503","GATSIBO","050312","Remera",-1.7997,30.30645,"public",10791,2002,"National Census",384,"Kiziguro HD",2009,"CS"
403,"120901","Rwimitereri","CS","05","05","EST","0503","GATSIBO","050309","Murambi",-1.81617,30.3455,"public",16779,2002,"National Census",376,"Kiziguro HD",2009,"CS"
386,"121201","Bugarura","CS","05","05","EST","0503","GATSIBO","050312","Remera",-1.73338,30.33777,"public",13360,2002,"National Census",371,"Kiziguro HD",2009,"CS"
402,"121401","Rwembogo","CS","05","05","EST","0503","GATSIBO","050314","Rwimbogo",,,"agree",34149,2008,,373,"Kiziguro HD",2009,"CS"
561,,"Gitoki","CS","05","05","EST","0503","GATSIBO","050303","Gitoki",,,"public",,,,,,2009,"CS"
463,"120201","Camp Nyabiheke","CS","05","05","EST","0503","GATSIBO","050302","Gatsibo",,,"public",,2008,,,"Ngarama HD",2009,"CS"
389,"120501","Gituza","CS","05","05","EST","0503","GATSIBO","050305","Kageyo",-1.61922,30.29185,"public",19150,2002,"National Census",367,"Ngarama HD",2009,"CS"
387,"120601","Gakenke","CS","05","05","EST","0503","GATSIBO","050306","Kiramuruzi",-1.80162,30.4164,"public",23635,2002,"National Census",378,"Kiziguro HD",2009,"CS"
388,"120101","Gasange","CS","05","05","EST","0503","GATSIBO","050301","Gasange",,,"public",17316,2008,,372,"Kiziguro HD",2009,"CS"
413,"131001","Rukara","CS","05","05","EST","0504","KAYONZA","050410","Rukara",-1.69697,30.503,"agree",27968,2002,"National Census",132,"Gahini HD",2009,"CS"
496,"130601","Buhabwa","PS","05","05","EST","0504","KAYONZA","050406","Murundi",,,"public",,2008,,,,2009,"XX"
418,"130602","Ryamanyoni","CS","05","05","EST","0504","KAYONZA","050406","Murundi",-1.71842,30.48367,"public",12343,2002,"National Census",133,"Gahini HD",2009,"CS"
417,"1302","Rwinkwavu HD","HD","05","05","EST","0504","KAYONZA","050412","Rwinkwavu",-1.96407,30.61407,"agree",129133,2002,"National Census",119,,2009,"HD"
416,"131201","Rwinkwavu","CS","05","05","EST","0504","KAYONZA","050412","Rwinkwavu",-1.9643,30.6149,"agree",19519,2002,"National Census",120,"Rwinkwavu HD",2009,"CS"
414,"131101","Ruramira","CS","05","05","EST","0504","KAYONZA","050411","Ruramira",-1.98153,30.5041,"public",11728,2002,"National Census",122,"Rwinkwavu HD",2009,"CS"
409,"130402","Mukarange","CS","05","05","EST","0504","KAYONZA","050404","Mukarange",-1.90148,30.49707,"public",24093,2002,"National Census",127,"Gahini HD",2009,"CS"
408,"130501","Karama","CS","05","05","EST","0504","KAYONZA","050405","Murama",-2.05167,30.60173,"public",16039,2002,"National Census",126,"Rwinkwavu HD",2009,"CS"
406,"1301","Gahini HD","HD","05","05","EST","0504","KAYONZA","050401","Gahini",-1.84073,30.48322,"agree",103546,2002,"National Census",129,,2009,"HD"
412,"130901","Nyamirama","CS","05","05","EST","0504","KAYONZA","050409","Nyamirama",-1.951633,30.519201,"public",16000,2002,"National Census",125,"Rwinkwavu HD",2009,"CS"
411,"130701","Nyakabungo","CS","05","05","EST","0504","KAYONZA","050407","Mwiri",-1.83912,30.58085,"public",20782,2002,"National Census",131,"Gahini HD",2009,"CS"
407,"130302","Kabarondo","CS","05","05","EST","0504","KAYONZA","050403","Kabarondo",-2.01038,30.5577,"public",23000,2002,"National Census",123,"Rwinkwavu HD",2009,"CS"
415,"130403","Rutare","CS","05","05","EST","0504","KAYONZA","050404","Mukarange",-1.92548,30.55543,"public",19556,2002,"National Census",124,"Rwinkwavu HD",2009,"CS"
405,"130101","Gahini","CS","05","05","EST","0504","KAYONZA","050401","Gahini",-1.84073,30.48322,"agree",18360,2002,"National Census",130,"Gahini HD",2009,"CS"
404,"130201","Cyarubare","CS","05","05","EST","0504","KAYONZA","050402","Kabare",-2.02045,30.63772,"public",29238,2002,"National Census",128,"Rwinkwavu HD",2009,"CS"
531,"130401","KAYONZA","DISP","05",,"EST","0504","KAYONZA",,,,,"private",,2008,,,,2009,"XX"
410,"130801","Ndego","CS","05","05","EST","0504","KAYONZA","050408","Ndego",-2.01413,30.70225,"agree",10053,2002,"National Census",121,"Rwinkwavu HD",2009,"CS"
532,"130301","KABARONDO (PRIVE)","DISP","05",,"EST","0504","KAYONZA",,,,,"private",,2008,,,,2009,"XX"
498,"130702","Kageyo (Kayonza)","PS","05","05","EST","0504","KAYONZA","050407","Mwiri",,,"public",,2008,,,,2009,"XX"
533,"130404","SEVER","DISP","05",,"EST","0504","KAYONZA",,,,,"private",,2008,,,,2009,"XX"
534,"130303","UBUMWE","DISP","05",,"EST","0504","KAYONZA",,,,,"private",,2008,,,,2009,"XX"
594,,"Kageyo (Kayonza)","CS","05","05","EST","0504","KAYONZA","050407","Mwiri",,,"public",,2009,,,,2009,"CS"
429,"140901","Ntaruka","CS","05","05","EST","0505","KIREHE","050509","Mushikiri",-2.14432,30.69068,"public",27793,2002,"National Census",142,"Kirehe HD",2009,"CS"
432,"141102","Rusumo","CS","05","05","EST","0505","KIREHE","050511","Nyamugari",-2.28342,30.75603,"agree",29400,2002,"National Census",144,"Kirehe HD",2009,"CS"
431,"141201","Nyarubuye","CS","05","05","EST","0505","KIREHE","050512","Nyarubuye",-2.17363,30.75833,"agree",20768,2002,"National Census",143,"Kirehe HD",2009,"CS"
430,"141202","Nyabitare","CS","05",,"EST","0505","KIREHE",,,-2.2139,30.79453,"public",7398,2002,"National Census",,"Kirehe HD",2009,"CS"
419,"141101","Bukora","CS","05","05","EST","0505","KIREHE","050511","Nyamugari",-2.30888,30.78652,"public",21119,2002,"National Census",135,"Kirehe HD",2009,"CS"
427,"140902","Mushikiri","DISP","05","05","EST","0505","KIREHE","050509","Mushikiri",,,"public",17227,2002,"National Census",,,2009,"XX"
426,"140801","Musaza","CS","05","05","EST","0505","KIREHE","050508","Musaza",-2.33103,30.62853,"public",33407,2002,"National Census",140,"Kirehe HD",2009,"CS"
425,"141001","Mulindi","CS","05","05","EST","0505","KIREHE","050510","Nasho",-2.1032,30.69223,"agree",13816,2002,"National Census",139,"Kirehe HD",2009,"CS"
424,"1401","Kirehe HD","HD","05","05","EST","0505","KIREHE","050505","Kirehe",,,"agree",,2002,"National Census",293,,2009,"HD"
423,"140501","Kirehe","CS","05","05","EST","0505","KIREHE","050505","Kirehe",-2.26663,30.65359,"agree",13816,2002,"National Census",134,"Kirehe HD",2009,"CS"
428,"140701","Nasho","CS","05","05","EST","0505","KIREHE","050507","Mpanga",-2.13042,30.85173,"public",8972,2002,"National Census",141,"Kirehe HD",2009,"CS"
422,"140702","Kabuye (Kirehe)","DISP","05","05","EST","0505","KIREHE","050507","Mpanga",-2.08765,30.77795,"public",7060,2002,"National Census",138,"Kirehe HD",2009,"XX"
420,"140101","Gahara","CS","05","05","EST","0505","KIREHE","050501","Gahara",-2.3345,30.50427,"public",19094,2002,"National Census",136,"Kirehe HD",2009,"CS"
421,"140102","Gashongora","CS","05","05","EST","0505","KIREHE","050501","Gahara",-2.31787,30.55071,"public",19227,2002,"National Census",137,"Kirehe HD",2009,"CS"
434,"150201","Jarama","CS","05","05","EST","0506","NGOMA","050602","Jarama",-2.28008,30.38122,"agree",19371,2002,"National Census",161,"Kibungo HD",2009,"CS"
441,"150701","Rukira","CS","05","05","EST","0506","NGOMA","050607","Murama",-2.19975,30.58808,"agree",42264,2002,"National Census",167,"Kibungo HD",2009,"CS"
440,"150901","Remera","CS","05","05","EST","0506","NGOMA","050609","Remera",-2.0814,30.55595,"public",17446,2002,"National Census",166,"Kibungo HD",2009,"CS"
439,"150601","Nyange","CS","05","05","EST","0506","NGOMA","050606","Mugesera",-2.11075,30.37288,"public",20846,2002,"National Census",165,"Kibungo HD",2009,"CS"
438,"150801","Mutenderi","CS","05","05","EST","0506","NGOMA","050608","Mutenderi",-2.27317,30.48885,"public",27957,2002,"National Census",164,"Kibungo HD",2009,"CS"
437,"151201","Kirwa","CS","05","05","EST","0506","NGOMA","050612","Rurenge",-2.07777,30.46718,"public",17127,2002,"National Census",163,"Kibungo HD",2009,"CS"
435,"150501","Kibungo","CS","05","05","EST","0506","NGOMA","050605","Kibungo",-2.16263,30.54368,"public",50270,2002,"National Census",162,"Kibungo HD",2009,"CS"
433,"151001","Gituku","CS","05","05","EST","0506","NGOMA","050610","Rukira",-2.13543,30.63962,"agree",14669,2002,"National Census",160,"Kibungo HD",2009,"CS"
442,"151301","Rukoma Sake","CS","05","05","EST","0506","NGOMA","050613","Sake",-2.21658,30.38538,"agree",19542,2002,"National Census",168,"Kibungo HD",2009,"CS"
436,"1501","Kibungo HD","HD","05","05","EST","0506","NGOMA","050605","Kibungo",-2.16595,30.53942,"public",265639,2002,"National Census",159,,2009,"HD"
444,"151401","Sangaza","CS","05","05","EST","0506","NGOMA","050606","Mugesera",-2.18638,30.39935,"public",11279,2002,"National Census",170,"Kibungo HD",2009,"CS"
445,"151402","Zaza","CS","05","05","EST","0506","NGOMA","050614","Zaza",-2.15572,30.43375,"agree",21332,2002,"National Census",171,"Kibungo HD",2009,"CS"
596,,"Prison Kibungo","PRIS","05","05","EST","0506","NGOMA","050605","Kibungo",-2.163105,30.541169,"Parastatal",2426,2009,"Prision registration",,"Kibungo HD",2009,"XX"
443,"151101","Rukumberi","CS","05","05","EST","0506","NGOMA","050611","Rukumberi",-2.17503,30.32645,"public",18205,2002,"National Census",169,"Kibungo HD",2009,"CS"
373,"160602  ","Matimba","CS","05","05","EST","0502","NYAGATARE","050206","MATIMBA",-1.12627,30.42613,"agree",11126,2002,"National Census",244,,2009,"CS"
383,"161102  ","Rurenge","CS","05","05","EST","0502","NYAGATARE","050211","RUKOMO",-1.33237,30.27705,"public",12515,2002,"National Census",243,"Nyagatare HD",2009,"CS"
385,"161401  ","Tabagwe","CS","05","05","EST","0502","NYAGATARE","050214","TABAGWE",-1.28722,30.21072,"public",20990,2002,"National Census",248,"Nyagatare HD",2009,"CS"
384,"161201  ","Rwempasha","CS","05","05","EST","0502","NYAGATARE","050212","RWEMPASHA",-1.22089,30.30308,"public",6607,2002,"National Census",240,"Nyagatare HD",2009,"CS"
382,"161101  ","Rukomo","CS","05","05","EST","0502","NYAGATARE","050211","RUKOMO",-1.37893,30.25093,"public",25626,2002,"National Census",242,"Nyagatare HD",2009,"CS"
380,"1601","Nyagatare HD","HD","05","05","EST","0502","NYAGATARE","050210","NYAGATARE",-1.29812,30.32617,"public",283131,2002,"National Census",230,,2009,"HD"
379,"161003  ","Nyagatare","CS","05","05","EST","0502","NYAGATARE","050210","NYAGATARE",-1.29628,30.32483,"public",13252,2002,"National Census",231,"Nyagatare HD",2009,"CS"
378,"160702  ","Nyagahita","CS","05","05","EST","0502","NYAGATARE","050207","MIMURI",-1.48608,30.20283,"public",17641,2002,"National Census",238,"Nyagatare HD",2009,"CS"
377,,"Nyabwishongwezi","CS","05","05","EST","0502","NYAGATARE","050206","MATIMBA",-1.08056,30.41172,,11126,2002,"National Census",,"Nyagatare HD",2009,"CS"
376,"160901  ","Ntoma","CS","05","05","EST","0502","NYAGATARE","050209","MUSHERI",-1.13688,30.38993,"public",17225,2002,"National Census",239,"Nyagatare HD",2009,"CS"
367,"161001  ","Cyabayaga","CS","05","05","EST","0502","NYAGATARE","050210","NYAGATARE",-1.3957,30.2951,"public",14948,2002,"National Census",235,"Nyagatare HD",2009,"CS"
374,"160701  ","Mimuri","CS","05","05","EST","0502","NYAGATARE","050207","MIMURI",-1.44788,30.25208,"public",10690,2002,"National Census",237,"Nyagatare HD",2009,"CS"
372,"160401  ","Katabagemu","CS","05","05","EST","0502","NYAGATARE","050204","KATABAGEMU",-1.47423,30.27691,"public",17152,2002,"National Census",241,"Nyagatare HD",2009,"CS"
371,"161002  ","Karangazi","CS","05","05","EST","0502","NYAGATARE","050210","NYAGATARE",-1.38833,30.3885,"public",23764,2002,"National Census",234,"Nyagatare HD",2009,"CS"
370,"160601  ","Kagitumba","CS","05","05","EST","0502","NYAGATARE","050206","MATIMBA",-1.07683,30.44938,"public",5406,2002,"National Census",245,"Nyagatare HD",2009,"CS"
369,"160201  ","Kabuga","CS","05","05","EST","0502","NYAGATARE","050202","KARAMA",-1.35512,30.19835,"public",11360,2002,"National Census",247,"Nyagatare HD",2009,"CS"
368,"160501  ","Cyondo","CS","05","05","EST","0502","NYAGATARE","050205","KIYOMBE",-1.44062,30.12055,"public",14560,2002,"National Census",236,"Nyagatare HD",2009,"CS"
366,"161301  ","Bugaragara","CS","05","05","EST","0502","NYAGATARE","050213","RWIMIYAGA",-1.29073,30.4123,"public",19808,2002,"National Census",246,"Nyagatare HD",2009,"CS"
375,"160801  ","Muhambo","CS","05","05","EST","0502","NYAGATARE","050201","GATUNDA",-1.4424,30.16457,"public",12701,2002,"National Census",233,"Nyagatare HD",2009,"CS"
381,"160101  ","Nyarurema","CS","05","05","EST","0502","NYAGATARE","050201","GATUNDA",-1.40512,30.1651,"agree",27760,2002,"National Census",232,"Nyagatare HD",2009,"CS"
595,,"Prison Nyagatare","PRIS","05","05","EST","0502","NYAGATARE","050210","NYAGATARE",,,"Parastatal",200,2009,"Prison registration",,"Nyagatare HD",2009,"XX"
364,"170501","Rwamagana","CS","05","05","EST","0501","RWAMAGANA","050105","Kigabiro",-1.95078,30.43258,"public",33504,2002,"National Census",344,"Rwamagana HD",2009,"CS"
358,"171001","Muyumbu","CS","05","05","EST","0501","RWAMAGANA","050110","Muyumbu",-1.97422,30.25727,"public",15673,2002,"National Census",349,"Rwamagana HD",2009,"CS"
359,"170101","Nyagasambu","CS","05","05","EST","0501","RWAMAGANA","050101","Fumbwe",-1.8971,30.2743,"public",29451,2002,"National Census",350,"Rwamagana HD",2009,"CS"
360,"171201","Nyakaliro","CS","05","05","EST","0501","RWAMAGANA","050112","Nyakaliro",-2.03617,30.25408,"public",15568,2002,"National Census",348,"Rwamagana HD",2009,"CS"
361,"171301","Nzige","CS","05","05","EST","0501","RWAMAGANA","050113","Nzige",-2.02623,30.33705,"public",25757,2002,"National Census",346,"Rwamagana HD",2009,"CS"
547,"170601","AVEGA RWAMAGANA","CLIN","05","05","EST","0501","RWAMAGANA","050106","Muhazi",-1.948272,30.441653,"private",,2008,,,,2009,"XX"
363,"170302","Ruhunda","CS","05","05","EST","0501","RWAMAGANA","050103","Gishali",-1.90057,30.41253,"public",19860,2002,"National Census",352,"Rwamagana HD",2009,"CS"
355,"170401","Karenge","CS","05","05","EST","0501","RWAMAGANA","050104","Karenge",-2.08183,30.30962,"public",12303,2002,"National Census",347,"Rwamagana HD",2009,"CS"
365,"1701","Rwamagana HD","HD","05","05","EST","0501","RWAMAGANA","050105","Kigabiro",-1.95033,30.43312,"public",205724,2002,"National Census",343,,2009,"HD"
585,,"Murambi","CS","05","05","EST","0501","RWAMAGANA","050106","Muhazi",,,"public",,,,,,2009,"CS"
550,"170603","PRISON Nsinda","PRIS","05","05","EST","0501","RWAMAGANA","050106","Muhazi",-1.922873,30.451696,"public",8457,2009,"Prison registration",,,2009,"XX"
549,"171101","LA CONFIANCE","DISP","05","05","EST","0501","RWAMAGANA","050111","Mwulire",,,"private",,2008,,,,2009,"XX"
548,"170602","DUFASHANYE","DISP","05","05","EST","0501","RWAMAGANA","050114","Rubona",,,"private",,2008,,,,2009,"XX"
362,"171401","Rubona","CS","05","05","EST","0501","RWAMAGANA","050114","Rubona",-2.03868,30.39668,"public",24382,2002,"National Census",345,"Rwamagana HD",2009,"CS"
497,"170201","Gahengeri","CS","05","05","EST","0501","RWAMAGANA","050102","Gahengeri",,,"public",,2008,,,"Rwamagana HD",2009,"CS"
354,"170301","Gishari/ Police","DISP","05","05","EST","0501","RWAMAGANA","050103","Gishali",,,"public",6400,2008,,354,,2009,"XX"
356,"170701","Munyaga","CS","05","05","EST","0501","RWAMAGANA","050107","Munyaga",-2.02758,30.4661,"agree",15424,2002,"National Census",351,"Rwamagana HD",2009,"CS"
357,"170901","Musha","CS","05","05","EST","0501","RWAMAGANA","050109","Musha",-1.93105,30.33207,"public",13802,2002,"National Census",353,"Rwamagana HD",2009,"CS"
327,"311101","Kivuye","CS","04","04","NORD","0404","BURERA","040411","Kivuye",-1.49218,29.93128,"public",13604,2002,"National Census",363,"Butaro HD",2009,"CS"
320,"310101","Bungwe","CS","04","04","NORD","0404","BURERA","040401","Bungwe",-1.503,29.97292,"agree",27889,2002,"National Census",361,"Butaro HD",2009,"CS"
321,"310201","Butaro","CS","04","04","NORD","0404","BURERA","040402","Butaro",-1.40892,29.83638,"agree",35217,2002,"National Census",365,"Butaro HD",2009,"CS"
322,"3101","Butaro HD","HD","04","04","NORD","0404","BURERA","040402","Butaro",-1.408931,29.836585,"public",,2008,,,,2009,"HD"
323,"310801","Gitare","CS","04","04","NORD","0404","BURERA","040408","Kagogo",-2.39062,29.76645,"public",47494,2002,"National Census",366,"Butaro HD",2009,"CS"
586,,"Gahunga","CS","04","04","NORD","0404","BURERA","040405","Gahunga",,,"public",,,,,,2009,"CS"
324,"310901","Kinoni","CS","04","04","NORD","0404","BURERA","040409","Kinoni",-1.43765,29.72788,"agree",51291,2002,"National Census",358,"Butaro HD",2009,"CS"
326,"311601","Kirambo","CS","04","04","NORD","0404","BURERA","040416","Rusarabuye",-1.49317,29.83356,"public",43314,2002,"National Census",355,"Butaro HD",2009,"CS"
328,"311401","Mucaca","CS","04","04","NORD","0404","BURERA","040414","Rugengabari",-1.38762,29.66865,"public",24839,2002,"National Census",359,"Butaro HD",2009,"CS"
329,"310902","Ntaruka","CS","04","04","NORD","0404","BURERA","040409","Kinoni",-1.4761,29.74788,"public",21683,2002,"National Census",356,"Butaro HD",2009,"CS"
331,"311501","Ruhunde","CS","04","04","NORD","0404","BURERA","040415","Ruhunde",-1.57335,29.94159,"public",18351,2002,"National Census",360,"Butaro HD",2009,"CS"
332,"311102","Rusasa","CS","04","04","NORD","0404","BURERA","040411","Kivuye",-1.45112,29.8704,"public",12849,2002,"National Census",362,"Butaro HD",2009,"CS"
325,"311001","Kinyababa","CS","04","04","NORD","0404","BURERA","040410","Kinyababa",-1.3682,29.81263,"public",19900,2002,"National Census",357,"Butaro HD",2009,"CS"
330,"311201","Nyamugali","CS","04","04","NORD","0404","BURERA","040412","Nemba",-1.60395,29.88285,"public",20014,2002,"National Census",364,"Butaro HD",2009,"CS"
505,,"Rwerere","CS","04","04","NORD","0404","BURERA","040417","Rwerere",,,"agree",,2008,,,,2009,"CS"
520,"321202","MUGUNGA","PS","04","04","NORD","0402","GAKENKE","040212","Mugunga ",,,"public",,2008,,,,2009,"XX"
504,"320902","Ruhinga","PS","04","04","NORD","0402","GAKENKE","040209","Kivuruga ",,,"public",,,,,,2009,"XX"
519,"320702","KIDOMO","PS","04","04","NORD","0402","GAKENKE","040207","Kamubuga ",,,"public",,2008,,,,2009,"XX"
522,"320903","SERERI","PS","04","04","NORD","0402","GAKENKE","040209","Kivuruga ",,,"public",,2008,,,,2009,"XX"
483,"320701","Kamubuga","PS","04","04","NORD","0402","GAKENKE","040207","Kamubuga ",,,"public",,2008,,,,2009,"XX"
307,"321902","Rwankuba","CS","04","04","NORD","0402","GAKENKE","040219","Rushashi ",-1.75873,29.86392,"agree",18089,2002,"National Census",14,"Ruli HD",2009,"CS"
306,"320502","Rutenderi","CS","04","04","NORD","0402","GAKENKE","040205","Gashenyi ",-1.66653,29.85204,"public",8000,2002,"National Census",27,"Nemba HD",2009,"CS"
305,"320602","Rutake","CS","04","04","NORD","0402","GAKENKE","040206","Janja ",-1.78972,29.7235,"public",12395,2002,"National Census",23,"Nemba HD",2009,"CS"
304,"321501","Rusoro","CS","04","04","NORD","0402","GAKENKE","040215","Muzo ",-1.71243,29.6791,"public",8680,2002,"National Census",24,"Nemba HD",2009,"CS"
303,"321901","Rushashi","CS","04","04","NORD","0402","GAKENKE","040219","Rushashi ",-1.72597,29.85813,"public",15272,2002,"National Census",19,"Ruli HD",2009,"CS"
302,"3202","Ruli HD","HD","04","04","NORD","0402","GAKENKE","040217","Ruli ",-1.82968,29.8494,"agree",110812,2002,"National Census",32,,2009,"HD"
301,"321701","Ruli","CS","04","04","NORD","0402","GAKENKE","040217","Ruli ",-1.82883,29.8483,"agree",21502,2002,"National Census",18,"Ruli HD",2009,"CS"
288,"320901","Bushoka","CS","04","04","NORD","0402","GAKENKE","040209","Kivuruga ",-1.59675,29.73607,"public",17158,2002,"National Census",28,"Nemba HD",2009,"CS"
287,"320101","Busengo","CS","04","04","NORD","0402","GAKENKE","040201","Busengo ",-1.62467,29.70117,"public",22838,2002,"National Census",22,"Nemba HD",2009,"CS"
300,"320501","Rukura","CS","04","04","NORD","0402","GAKENKE","040205","Gashenyi ",-1.6965,29.82922,"public",15949,2002,"National Census",15,"Ruli HD",2009,"CS"
289,"320201","Coko (Ruli)","CS","04","04","NORD","0402","GAKENKE","040202","Coko ",-1.76472,29.82263,"public",9647,2002,"National Census",17,"Ruli HD",2009,"CS"
290,"320301","Cyabingo","CS","04","04","NORD","0402","GAKENKE","040203","Cyabingo ",-1.58542,29.68815,"public",36975,2002,"National Census",29,"Nemba HD",2009,"CS"
291,"321201","Gatonde","CS","04","04","NORD","0402","GAKENKE","040212","Mugunga ",-1.65873,29.6649,"public",17611,2002,"National Census",25,"Nemba HD",2009,"CS"
292,"320601","Janja","CS","04","04","NORD","0402","GAKENKE","040206","Janja ",-1.68235,29.67477,"agree",24902,2002,"National Census",21,"Nemba HD",2009,"CS"
294,"321001","Mataba","CS","04","04","NORD","0402","GAKENKE","040210","Mataba ",-1.71987,29.7436,"public",23353,2002,"National Census",26,"Nemba HD",2009,"CS"
295,"321301","Muhondo","CS","04","04","NORD","0402","GAKENKE","040213","Muhondo ",-1.80007,29.89535,"public",13469,2002,"National Census",13,"Ruli HD",2009,"CS"
296,"321601","Nemba","DISP","04","04","NORD","0402","GAKENKE","040216","Nemba ",-1.6382,29.7865,"public",42547,2002,"National Census",30,,2009,"XX"
297,"3201","Nemba HD","HD","04","04","NORD","0402","GAKENKE","040216","Nemba ",-1.63778,29.78668,"public",245100,2002,"National Census",33,,2009,"HD"
293,"320801","Karambo","CS","04","04","NORD","0402","GAKENKE","040208","Karambo ",-1.63033,29.84022,"public",25777,2002,"National Census",31,"Nemba HD",2009,"CS"
299,"321801","Nyundo","CS","04","04","NORD","0402","GAKENKE","040218","Rusasa ",-1.60392,29.6585,"public",12826,2002,"National Census",20,"Nemba HD",2009,"CS"
298,"320202","Nyange (Ruli)","CS","04","04","NORD","0402","GAKENKE","040202","Coko ",-1.80107,29.79073,"agree",8884,2002,"National Census",16,"Ruli HD",2009,"CS"
339,"331401","Kigogo","CS","04","04","NORD","0405","GICUMBI","040514","Nyankenke",-1.59333,30.00968,"public",24759,2002,"National Census",42,"Byumba HD",2009,"CS"
345,"330701","Mulindi","CS","04","04","NORD","0405","GICUMBI","040507","Kaniga",-1.47808,30.04278,"public",19177,2002,"National Census",45,"Byumba HD",2009,"CS"
344,"330202","Mukono","CS","04","04","NORD","0405","GICUMBI","040502","Bwisige",-1.56365,30.10838,"public",17447,2002,"National Census",40,"Byumba HD",2009,"CS"
343,"331101","Muko","CS","04","04","NORD","0405","GICUMBI","040511","Muko",-1.6979,30.22822,"public",14681,2002,"National Census",43,"Byumba HD",2009,"CS"
342,"330602","Muhondo","CS","04","04","NORD","0405","GICUMBI","040506","Kageyo",-1.6288,30.08573,"public",,2002,"National Census",54,"Byumba HD",2009,"CS"
346,"331602","Munyinya","CS","04","04","NORD","0405","GICUMBI","040516","Rukomo",-1.64463,30.13542,"public",17632,2002,"National Census",53,"Byumba HD",2009,"CS"
340,"330801","Manyagiro","CS","04","04","NORD","0405","GICUMBI","040508","Manyagiro",-1.51852,30.00153,"public",16573,2002,"National Census",51,"Byumba HD",2009,"CS"
351,"331801","Rutare (Gicumbi)","CS","04","04","NORD","0405","GICUMBI","040518","Rutare",-1.73075,30.1771,"public",30293,2002,"National Census",48,"Byumba HD",2009,"CS"
338,"330101","Giti","CS","04","04","NORD","0405","GICUMBI","040501","Bukure",-1.7889,30.22227,"public",20330,2002,"National Census",52,"Byumba HD",2009,"CS"
337,"331601","Gisiza","CS","04","04","NORD","0405","GICUMBI","040516","Rukomo",-1.60895,30.12438,"public",13029,2002,"National Census",36,"Byumba HD",2009,"CS"
336,"3301","Byumba HD","HD","04","04","NORD","0405","GICUMBI","040503","Byumba",-1.58933,30.05508,"public",360417,2002,"National Census",39,,2009,"HD"
341,"330901","Miyove","CS","04","04","NORD","0405","GICUMBI","040509","Miyove",-1.6161,29.97905,"public",12520,2002,"National Census",49,"Byumba HD",2009,"CS"
347,"331201","Musenyi","CS","04","04","NORD","0405","GICUMBI","040512","Mutete",-1.7056,30.09888,"public",18509,2002,"National Census",44,"Byumba HD",2009,"CS"
348,"331501","Rubaya","CS","04","04","NORD","0405","GICUMBI","040515","Rubaya",-1.46393,29.99677,"public",11722,2002,"National Census",47,"Byumba HD",2009,"CS"
353,"330501","Tanda","CS","04","04","NORD","0405","GICUMBI","040505","Giti",-1.79983,30.2621,"public",17206,2002,"National Census",46,"Byumba HD",2009,"CS"
350,"331701","Rushaki","CS","04","04","NORD","0405","GICUMBI","040517","Rushaki",-1.45505,30.09143,"agree",24803,2002,"National Census",50,"Byumba HD",2009,"CS"
352,"332001","Rwesero","CS","04","04","NORD","0405","GICUMBI","040520","Rwamiko",-1.79935,30.17663,"agree",9393,2002,"National Census",37,"Byumba HD",2009,"CS"
334,"330201","Bwisige","CS","04","04","NORD","0405","GICUMBI","040502","Bwisige",-1.57958,30.15427,"public",12248,2002,"National Census",35,"Byumba HD",2009,"CS"
333,"332101","Bushara","CS","04",,"NORD","0405","GICUMBI",,,-1.35512,30.1984,"agree",17407,2002,"National Census",34,"Byumba HD",2009,"CS"
461,"330601","Camp Gihembe","CS","04","04","NORD","0405","GICUMBI","040506","Kageyo",,,"public",,2008,,,"Byumba HD",2009,"CS"
335,"330301","Byumba","CS","04","04","NORD","0405","GICUMBI","040503","Byumba",-1.58875,30.0558,"public",20616,2002,"National Census",38,"Byumba HD",2009,"CS"
349,"330302","Ruhenda","CS","04","04","NORD","0405","GICUMBI","040503","Byumba",-1.5544,30.04468,"public",8838,2002,"National Census",41,"Byumba HD",2009,"CS"
317,"3401","Ruhengeri HD","HD","04","04","NORD","0403","MUSANZE","040308","Muhoza",-1.50587,29.63673,"public",348361,2002,"National Census",277,,2009,"HD"
315,"341101","Nyakinama","CS","04","04","NORD","0403","MUSANZE","040311","Nkotsi",-1.57987,29.63485,"agree",28125,2002,"National Census",275,"Ruhengeri HD",2009,"CS"
318,"341401","Rwaza","CS","04","04","NORD","0403","MUSANZE","040314","Rwaza",-1.54503,29.69303,"agree",19556,2002,"National Census",278,"Ruhengeri HD",2009,"CS"
319,"341501","Shingiro","CS","04","04","NORD","0403","MUSANZE","040315","Shingiro",-1.50007,29.5525,"public",31003,2002,"National Census",279,"Ruhengeri HD",2009,"CS"
312,"340201","Karwasa","CS","04","04","NORD","0403","MUSANZE","040302","Cyuve",-1.48963,29.67615,"public",19096,2002,"National Census",272,"Ruhengeri HD",2009,"CS"
316,,"Ruhengeri","DISP","04","04","NORD","0403","MUSANZE","040308","Muhoza",-1.506,29.63662,"public",75625,2002,"National Census",276,,2009,"XX"
311,"340601","Kabere","DISP","04","04","NORD","0403","MUSANZE","040309","Muko",-1.55535,29.59448,"public",17106,2002,"National Census",271,"Ruhengeri HD",2009,"XX"
310,"341201","Gasiza","CS","04","04","NORD","0403","MUSANZE","040302","Cyuve",-1.45175,29.65267,"public",43091,2002,"National Census",270,"Ruhengeri HD",2009,"CS"
309,"340101","Busogo","CS","04","04","NORD","0403","MUSANZE","040301","Busogo",-1.55448,29.54021,"agree",34186,2002,"National Census",269,"Ruhengeri HD",2009,"CS"
308,"340701","Bisate","CS","04","04","NORD","0403","MUSANZE","040307","Kinigi",-1.45582,29.52522,"public",15427,2002,"National Census",268,"Ruhengeri HD",2009,"CS"
313,"340702","Kinigi","CS","04","04","NORD","0403","MUSANZE","040307","Kinigi",-1.4492,29.58238,"public",33975,2002,"National Census",273,"Ruhengeri HD",2009,"CS"
536,"340802","PRISON RUHENGERI","DISP","04","04","NORD","0403","MUSANZE","040308","Muhoza",-1.506798,29.634561,"Parastatal",,2008,,,"Ruhengeri HD",2009,"XX"
314,"341301","Murandi","CS","04","04","NORD","0403","MUSANZE","040313","Remera",-1.5473,29.72925,"public",31172,2002,"National Census",274,"Ruhengeri HD",2009,"CS"
535,"340803","INFIRMERIE ACADEMY ","DISP","04","04","NORD","0403","MUSANZE","040308","Muhoza",,,"private",,2008,,,,2009,"XX"
278,"351201","Remera-Mbogo","CS","04","04","NORD","0401","RULINDO","040112","NGOMA",-1.7863,30.00292,"public",12480,2002,"National Census",300,"Rutongo HD",2009,"CS"
286,"351701","Tumba","CS","04","04","NORD","0401","RULINDO","040117","TUMBA",-1.70243,29.94437,"public",20368,2002,"National Census",310,"Rutongo HD",2009,"CS"
284,"351603","Shyorongi","CS","04","04","NORD","0401","RULINDO","040116","SHYORONGI",-1.86612,29.9806,"agree",9340,2002,"National Census",297,"Rutongo HD",2009,"CS"
282,"3501","Rutongo HD","HD","04","04","NORD","0401","RULINDO","040109","MASORO",-1.81483,30.05975,"public",247061,2002,"National Census",295,,2009,"HD"
281,"351601","Rutonde","CS","04","04","NORD","0401","RULINDO","040116","SHYORONGI",-1.89848,29.96715,"agree",21150,2002,"National Census",304,"Rutongo HD",2009,"CS"
279,"351401","Rukozo","CS","04","04","NORD","0401","RULINDO","040114","RUKOZO",-1.62367,29.94803,"agree",15458,2002,"National Census",309,"Rutongo HD",2009,"CS"
285,"350301","Tare","CS","04","04","NORD","0401","RULINDO","040103","BUSHOKI",-1.66462,29.88813,"public",13186,2002,"National Census",302,"Rutongo HD",2009,"CS"
277,"350402","Muyanza","CS","04","04","NORD","0401","RULINDO","040104","BUYOGA",-1.69847,30.02855,"agree",17802,2002,"National Census",307,"Rutongo HD",2009,"CS"
276,"351101","Murambi","CS","04","04","NORD","0401","RULINDO","040111","MURAMBI",-1.79273,30.044,"public",18500,2002,"National Census",299,"Rutongo HD",2009,"CS"
275,"350901","Masoro","CS","04","04","NORD","0401","RULINDO","040109","MASORO",-1.82082,30.06017,"public",17385,2002,"National Census",296,"Rutongo HD",2009,"CS"
274,"351302","Kiyanza","CS","04","04","NORD","0401","RULINDO","040113","NTARABANA",-1.76028,30.06612,"public",20367,2002,"National Census",301,"Rutongo HD",2009,"CS"
273,"350701","Kinihira","CS","04","04","NORD","0401","RULINDO","040107","KINIHIRA",-1.6616,29.98848,"public",5337,2002,"National Census",303,"Rutongo HD",2009,"CS"
272,"351301","Kajevuba","CS","04","04","NORD","0401","RULINDO","040113","NTARABANA",-1.80895,30.1262,"public",11672,2002,"National Census",298,"Rutongo HD",2009,"CS"
271,"350401","Buyoga","CS","04","04","NORD","0401","RULINDO","040104","BUYOGA",-1.69417,30.01274,"public",16465,2002,"National Census",306,"Rutongo HD",2009,"CS"
280,"351001","Rulindo","CS","04","04","NORD","0401","RULINDO","040110","MBOGO",-1.43551,30.55835,"public",19560,2002,"National Census",308,"Rutongo HD",2009,"CS"
516,,"Kisaro","CS","04","04","NORD","0401","RULINDO","040108","KISARO",,,"public",,2008,,,,2009,"CS"
283,"351602","Rwahi","CS","04","04","NORD","0401","RULINDO","040116","SHYORONGI",-1.86027,29.9224,"agree",9584,2002,"National Census",305,"Rutongo HD",2009,"CS"
517,,"Marembo","CS","04","04","NORD","0401","RULINDO","040106","CYUNGO",,,"public",,2008,,,,2009,"CS"
518,,"Mushongi","CS","04","04","NORD","0401","RULINDO","040101","BASE",,,"public",,2008,,,,2009,"CS"
171,"410701","Munzanga","CS","03","03","OUEST","0301","KARONGI","030107","Murundi",-2.1142,29.58348,"public",23223,2002,"National Census",98,"Kirinda HD",2009,"CS"
176,"411002","Rugabano","CS","03","03","OUEST","0301","KARONGI","030110","Rugabano",-2.10198,29.4851,"agree",18828,2002,"National Census",103,"Kirinda HD",2009,"CS"
175,"411001","Rufungo","CS","03","03","OUEST","0301","KARONGI","030110","Rugabano",-2.06775,29.5377,"public",10264,2002,"National Census",111,"Kibuye HD",2009,"CS"
174,"410902","Rubengera","CS","03","03","OUEST","0301","KARONGI","030109","Rubengera",-2.0419,29.41307,"agree",28075,2002,"National Census",112,"Kibuye HD",2009,"CS"
173,"410202","Mwendo","CS","03","03","OUEST","0301","KARONGI","030102","Gashari",-2.18494,29.51035,"public",,2002,"National Census",109,"Kirinda HD",2009,"CS"
462,"411201","Kiziba Camp","CS","03","03","OUEST","0301","KARONGI","030112","Rwankuba",-2.13227,29.355721,"public",,2008,,,"Kibuye HD",2009,"CS"
165,"4102","Kirinda HD","HD","03","03","OUEST","0301","KARONGI","030106","Murambi",-1.93497,29.62532,"agree",87143,2002,"National Census",97,,2009,"HD"
164,"410601","Kirinda","DISP","03","03","OUEST","0301","KARONGI","030106","Murambi",-2.18548,29.5769,"agree",7139,2002,"National Census",100,,2009,"XX"
172,"411202","Musango","CS","03","03","OUEST","0301","KARONGI","030101","Bwishyura",-2.17428,29.43616,"agree",20074,2002,"National Census",113,,2009,"CS"
166,"410301","Mpembe","CS","03","03","OUEST","0301","KARONGI","030103","Gishyita",-2.11786,29.26545,"agree",4572,2002,"National Census",116,"Mugonero HD",2009,"CS"
168,"410302","Mugonero","DISP","03","03","OUEST","0301","KARONGI","030103","Gishyita",-2.18215,29.29287,"agree",10370,2002,"National Census",108,"Mugonero HD",2009,"XX"
154,"411101","Biguhu","CS","03","03","OUEST","0301","KARONGI","030111","Ruganda",-2.22283,29.48918,"agree",20186,2002,"National Census",114,"Kirinda HD",2009,"CS"
167,"410502","Mubuga","CS","03","03","OUEST","0301","KARONGI","030105","Mubuga",-2.1336,29.31422,"agree",13237,2002,"National Census",115,"Mugonero HD",2009,"CS"
155,"410201","Birambo","CS","03","03","OUEST","0301","KARONGI","030102","Gashari",-2.14473,29.52205,"agree",17767,2002,"National Census",99,"Kirinda HD",2009,"CS"
156,"410901","Bubazi","CS","03","03","OUEST","0301","KARONGI","030109","Rubengera",-2.07275,29.4323,"agree",5000,2002,"National Census",110,,2009,"CS"
169,"4103","Mugonero HD","HD","03","03","OUEST","0301","KARONGI","030103","Gishyita",-2.18087,29.29267,"agree",160275,2002,"National Census",96,,2009,"HD"
170,"410801","Mukungu","CS","03","03","OUEST","0301","KARONGI","030108","Mutuntu",-2.24055,29.24182,"agree",21090,2002,"National Census",105,"Kibuye HD",2009,"CS"
157,"411301","Gatare","CS","03","03","OUEST","0301","KARONGI","030113","Twumba",-2.22562,29.3095,"agree",11520,2002,"National Census",107,"Mugonero HD",2009,"CS"
158,"411302","Gisovu","CS","03","03","OUEST","0301","KARONGI","030113","Twumba",-2.23453,29.35958,"public",15603,2002,"National Census",106,"Mugonero HD",2009,"CS"
159,"411003","Karongi (Gisunzu) Police","CS","03",,"OUEST","0301","KARONGI",,,,,"public",8007,2002,"National Census",118,"Kibuye HD",2009,"CS"
160,"410501","Karora","CS","03","03","OUEST","0301","KARONGI","030105","Mubuga",-2.0874,29.29082,"agree",17822,2002,"National Census",117,"Mugonero HD",2009,"CS"
161,"410101","Kibuye","DISP","03","03","OUEST","0301","KARONGI","030101","Bwishyura",-2.06802,29.34532,"public",25465,2002,"National Census",102,,2009,"XX"
162,"4101","Kibuye HD","HD","03","03","OUEST","0301","KARONGI","030101","Bwishyura",-2.0679,29.3463,"public",149094,2002,"National Census",101,,2009,"HD"
163,"410401","Kirambo","CS","03","03","OUEST","0301","KARONGI","030104","Gitesi",-2.11177,29.42193,"agree",21132,2002,"National Census",104,"Kibuye HD",2009,"CS"
231,"421101","Nyange A","CS","03","03","OUEST","0305","NGORORERO","030511","NGORORERO",-1.83593,29.64633,"agree",31949,2002,"National Census",174,"Muhororo HD",2009,"CS"
224,"420401","Kabaya","CS","03","03","OUEST","0305","NGORORERO","030504","KABAYA",-1.74738,29.53793,"public",28470,2002,"National Census",183,"Kabaya HD",2009,"CS"
226,"420201","Muhororo","CS","03","03","OUEST","0305","NGORORERO","030509","MUHORORO",-1.93352,29.62677,"public",29643,2002,"National Census",176,"Muhororo HD",2009,"CS"
223,"420101","Gashubi","CS","03","03","OUEST","0305","NGORORERO","030501","BWIRA",,,"public",18000,2008,,180,"Muhororo HD",2009,"CS"
227,"4202","Muhororo HD","HD","03","03","OUEST","0305","NGORORERO","030509","MUHORORO",-1.93497,29.62532,"public",221140,2002,"National Census",185,,2009,"HD"
228,"420302","Muramba","CS","03","03","OUEST","0305","NGORORERO","030503","HINDIRO",-1.77062,29.61253,"public",30817,2002,"National Census",179,"Kabaya HD",2009,"CS"
229,"420901","Ntaganzwa","CS","03","03","OUEST","0305","NGORORERO","030509","MUHORORO",-1.89907,29.61605,"public",39219,2002,"National Census",172,"Muhororo HD",2009,"CS"
230,"421001","Ntobwe ","CS","03","03","OUEST","0305","NGORORERO","030510","NDARO",,,"public",23442,2008,,178,"Muhororo HD",2009,"CS"
225,"4201","Kabaya HD","HD","03","03","OUEST","0305","NGORORERO","030504","KABAYA",-1.74727,29.53733,"public",79657,2002,"National Census",184,,2009,"HD"
473,"420801","Gasiza","DISP","03","03","OUEST","0305","NGORORERO","030508","MUHANDA",,,"public",,2008,,,,2009,"XX"
472,"420701","Gashonyi","DISP","03","03","OUEST","0305","NGORORERO","030507","MATYAZO",,,"Community",,2008,,,,2009,"XX"
232,"421201","Nyange B","CS","03","03","OUEST","0305","NGORORERO","030512","NYANGE",-2.05337,29.59613,"public",39917,2002,"National Census",177,"Muhororo HD",2009,"CS"
233,"420601","Ramba","CS","03","03","OUEST","0305","NGORORERO","030506","KAVUMU",-1.87608,29.5295,"public",26124,2002,"National Census",181,"Kabaya HD",2009,"CS"
474,"420301","Hindiro","DISP","03","03","OUEST","0305","NGORORERO","030503","HINDIRO",,,"Community",,2008,,,,2009,"XX"
476,"421302","Rugari","DISP","03","03","OUEST","0305","NGORORERO","030513","SOVU",,,"Community",,2008,,,,2009,"XX"
234,"420802","Rubaya","CS","03","03","OUEST","0305","NGORORERO","030508","MUHANDA",-1.77655,29.50318,"public",25063,2002,"National Census",182,"Kabaya HD",2009,"CS"
235,"420202","Rubona","CS","03","03","OUEST","0305","NGORORERO","030502","GATUMBA",-1.9614,29.65242,"public",15171,2002,"National Census",173,"Muhororo HD",2009,"CS"
236,"421102","Rususa","CS","03","03","OUEST","0305","NGORORERO","030505","KAGEYO",-1.84095,29.63085,"agree",30334,2002,"National Census",175,"Muhororo HD",2009,"CS"
475,"421301","Mabuye","DISP","03","03","OUEST","0305","NGORORERO","030513","SOVU",,,"Community",,2008,,,,2009,"XX"
221,"431201","Shyira","CS","03","03","OUEST","0304","NYABIHU","030412","Shyira",-1.67903,29.52083,"public",21079,2002,"National Census",201,"Shyira HD",2009,"CS"
222,"4301","Shyira HD","HD","03","03","OUEST","0304","NYABIHU","030412","Shyira",-1.68205,29.62909,"agree",292026,2002,"National Census",199,,2009,"HD"
213,"430201","Kareba","CS","03","03","OUEST","0304","NYABIHU","030402","Jenda",-1.58343,29.4763,"public",26613,2002,"National Census",198,"Shyira HD",2009,"CS"
544,"431202","SHEMA","DISP","03","03","OUEST","0304","NYABIHU","030412","Shyira",,,"private",,2008,,,,2009,"XX"
208,"430901","Birembo","CS","03","03","OUEST","0304","NYABIHU","030405","Karago",-1.69172,29.52505,"public",13671,2002,"National Census",190,"Shyira HD",2009,"CS"
206,"430101","Arusha","CS","03",,"OUEST","0304","NYABIHU",,,-1.67395,29.41216,"public",8600,2002,"National Census",197,"Shyira HD",2009,"CS"
209,"430801","Gakamba","CS","03","03","OUEST","0304","NYABIHU","030408","Muringa",-1.73183,29.48838,"public",21070,2002,"National Census",195,"Shyira HD",2009,"CS"
210,"430301","Jomba","CS","03","03","OUEST","0304","NYABIHU","030403","Jomba",-1.70943,29.59482,"public",25014,2002,"National Census",191,"Shyira HD",2009,"CS"
207,"430102","Bigogwe","CS","03","03","OUEST","0304","NYABIHU","030401","Bigogwe",-1.62445,29.42365,"agree",15550,2002,"National Census",196,"Shyira HD",2009,"CS"
212,"430401","Kabatwa","CS","03","03","OUEST","0304","NYABIHU","030404","Kabatwa",-1.54962,29.39247,"public",16574,2002,"National Census",200,"Shyira HD",2009,"CS"
220,"430701","Rwankeri","CS","03","03","OUEST","0304","NYABIHU","030407","Mukamira",-1.5863,29.53435,"agree",41116,2002,"National Census",194,"Shyira HD",2009,"CS"
214,"430103","Kora","CS","03","03","OUEST","0304","NYABIHU","030401","Bigogwe",-1.61295,29.44932,"public",12033,2002,"National Census",187,"Shyira HD",2009,"CS"
215,"430501","Mwiyanike","CS","03","03","OUEST","0304","NYABIHU","030405","Karago",-1.6564,29.51175,"public",26874,2002,"National Census",193,"Shyira HD",2009,"CS"
216,"431001","Nyakigezi","CS","03","03","OUEST","0304","NYABIHU","030410","Rugera",-1.6287,29.63268,"public",11075,2002,"National Census",192,"Shyira HD",2009,"CS"
217,"431002","Nyakiliba","CS","03","03","OUEST","0304","NYABIHU","030410","Rugera",-1.63137,29.6089,"public",13390,2002,"National Census",188,"Shyira HD",2009,"CS"
218,"430902","Rambura","CS","03","03","OUEST","0304","NYABIHU","030409","Rambura",-1.67953,29.52083,"agree",12292,2002,"National Census",189,"Shyira HD",2009,"CS"
219,"431101","Rurembo","CS","03","03","OUEST","0304","NYABIHU","030411","Rurembo",-1.65965,29.57505,"public",27075,2002,"National Census",186,"Shyira HD",2009,"CS"
211,,"Kabari","CS","03",,"OUEST","0304","NYABIHU",,,-1.64723,29.37743,"public",,2002,"National Census",,,2009,"CS"
261,"440601","Kibogora","CS","03","03","OUEST","0307","NYAMASHEKE","030706","Kanjongo",-2.33078,29.13729,"agree",26948,2002,"National Census",254,"Kibogora HD",2009,"CS"
265,"441202","Muyange","CS","03","03","OUEST","0307","NYAMASHEKE","030712","Nyabitekeri",-2.33355,29.02225,"agree",25484,2002,"National Census",264,"Bushenge HD",2009,"CS"
255,"440101","Gisakura","CS","03",,"OUEST","0307","NYAMASHEKE",,,-2.4532,29.08813,"public",14877,2002,"National Census",249,"Bushenge HD",2009,"CS"
256,"441002","Hanika (NYAMASHEKE)","CS","03","03","OUEST","0307","NYAMASHEKE","030710","Macuba",-2.29142,29.18812,"agree",10631,2002,"National Census",257,"Kibogora HD",2009,"CS"
257,"441401","Kamonyi","CS","03","03","OUEST","0307","NYAMASHEKE","030714","Ruharambuga",-2.44652,29.02073,"agree",19722,2002,"National Census",262,"Bushenge HD",2009,"CS"
258,"440701","Karambi","CS","03","03","OUEST","0307","NYAMASHEKE","030707","Karambi",-2.31395,29.24788,"public",21153,2002,"National Census",260,"Kibogora HD",2009,"CS"
260,"440401","Kibingo","CS","03","03","OUEST","0307","NYAMASHEKE","030704","Gihombo",-2.19952,29.2612,"public",22902,2002,"National Census",250,"Kibogora HD",2009,"CS"
259,"440901","Karengera","CS","03","03","OUEST","0307","NYAMASHEKE","030709","Kirimbi",-2.26084,29.22193,"agree",22840,2002,"National Census",255,"Kibogora HD",2009,"CS"
254,"441001","Gatare","CS","03","03","OUEST","0307","NYAMASHEKE","030710","Macuba",-2.30163,29.21543,"public",25218,2002,"National Census",251,"Kibogora HD",2009,"CS"
263,"441501","Mugera","CS","03","03","OUEST","0307","NYAMASHEKE","030715","Shangi",,,"public",25140,2002,"National Census",259,"Bushenge HD",2009,"CS"
264,"441201","Mukoma","CS","03","03","OUEST","0307","NYAMASHEKE","030712","Nyabitekeri",-2.36327,29.01152,"agree",26616,2002,"National Census",258,"Bushenge HD",2009,"CS"
267,"440501","Nyamasheke","CS","03","03","OUEST","0307","NYAMASHEKE","030705","Kagano",-2.34128,29.08994,"public",17504,2002,"National Census",265,"Kibogora HD",2009,"CS"
268,"441301","Rangiro","CS","03","03","OUEST","0307","NYAMASHEKE","030713","Rangiro",-2.4072,29.1664,"public",14367,2002,"National Census",252,"Kibogora HD",2009,"CS"
269,"440602","Ruheru","CS","03","03","OUEST","0307","NYAMASHEKE","030706","Kanjongo",-2.35198,29.16997,"agree",21494,2002,"National Census",253,"Kibogora HD",2009,"CS"
270,"440301","Yove","CS","03","03","OUEST","0307","NYAMASHEKE","030703","Cyato",-2.40662,29.1992,"agree",15698,2002,"National Census",256,"Kibogora HD",2009,"CS"
573,,"Ngange","CS","03","03","OUEST","0307","NYAMASHEKE","030707","Karambi",,,"agree",,2008,,,,2009,"CS"
546,"441101","MAHEMBE","PS","03","03","OUEST","0307","NYAMASHEKE","030711","Mahembe",,,"public",,2008,,,,2009,"XX"
262,"4402","Kibogora HD","HD","03","03","OUEST","0307","NYAMASHEKE","030706","Kanjongo",-2.32628,29.13218,"agree",198755,2002,"National Census",267,,2009,"HD"
252,"440201","Bushenge","CS","03","03","OUEST","0307","NYAMASHEKE","030702","Bushenge",-2.4495,28.9855,"public",29890,2002,"National Census",263,"Bushenge HD",2009,"CS"
266,"440801","Mwezi","CS","03","03","OUEST","0307","NYAMASHEKE","030708","Karengera",-2.52065,29.03042,"agree",26225,2002,"National Census",261,"Bushenge HD",2009,"CS"
253,"4401","Bushenge HD","HD","03","03","OUEST","0307","NYAMASHEKE","030702","Bushenge",-2.44518,28.98582,"public",142814,2002,"National Census",266,,2009,"HD"
205,,"Prison Gisenyi","PRIS","03","03","OUEST","0303","RUBAVU","030304","Gisenyi",-1.69988,29.26405,"public",,2002,"National Census",,,2009,"XX"
195,"450201","Busasamana","CS","03","03","OUEST","0303","RUBAVU","030302","Busasamana",-1.6041,29.34488,"public",41506,2002,"National Census",400,"Gisenyi HD",2009,"CS"
196,"451101","Byahi","CS","03",,"OUEST","0303","RUBAVU",,,,,"public",14305,2002,"National Census",,"Gisenyi HD",2009,"CS"
197,"450401","Gacuba II","CS","03","03","OUEST","0303","RUBAVU","030304","Gisenyi",-1.67942,29.26423,"public",9717,2002,"National Census",405,"Gisenyi HD",2009,"CS"
198,"450402","Gisenyi","CS","03","03","OUEST","0303","RUBAVU","030304","Gisenyi",-1.71147,29.26273,"public",72847,2002,"National Census",406,"Gisenyi HD",2009,"CS"
199,"4501","Gisenyi HD","HD","03","03","OUEST","0303","RUBAVU","030304","Gisenyi",-1.70217,29.26228,"public",320361,2002,"National Census",399,,2009,"HD"
200,"450501","Karambo","CS","03","03","OUEST","0303","RUBAVU","030305","Kanama",-1.71668,29.37737,"public",19390,2002,"National Census",402,"Gisenyi HD",2009,"CS"
201,"450901","Kigufi","CS","03","03","OUEST","0303","RUBAVU","030309","Nyamyumba",-1.75103,29.27858,"public",23388,2002,"National Census",403,"Gisenyi HD",2009,"CS"
202,"450701","Mudende","CS","03","03","OUEST","0303","RUBAVU","030307","Mudende",-1.60437,29.37683,"public",71235,2002,"National Census",404,"Gisenyi HD",2009,"CS"
203,"451102","Murara","CS","03","03","OUEST","0303","RUBAVU","030311","Rubavu",-1.67245,29.25591,"public",24485,2002,"National Census",407,"Gisenyi HD",2009,"CS"
204,"451001","Nyundo","CS","03","03","OUEST","0303","RUBAVU","030309","Nyamyumba",-1.70298,29.33183,"agree",57793,2002,"National Census",401,"Gisenyi HD",2009,"CS"
248,"461301","Nkombo","CS","03","03","OUEST","0306","RUSIZI","030613","Nkombo",-2.40542,28.89467,"agree",15815,2002,"National Census",324,"Gihundwe HD",2009,"CS"
251,"461101","Rusizi","CS","03","03","OUEST","0306","RUSIZI","030616","Nyakarenzo",-2.49303,28.89297,"agree",31864,2002,"National Census",321,"Gihundwe HD",2009,"CS"
250,"460201","Nyabitimbo","CS","03","03","OUEST","0306","RUSIZI","030602","Butare",-2.55992,29.07001,"agree",18978,2002,"National Census",317,"Mibilizi HD",2009,"CS"
241,"4601","Gihundwe HD","HD","03","03","OUEST","0306","RUSIZI","030609","Kamembe",-2.48303,28.91465,"public",152495,2002,"National Census",315,,2009,"HD"
242,"460101","Islamic ","CS","03","03","OUEST","0306","RUSIZI","030601","Bugarama",,,"agree",,2008,,312,"Mibilizi HD",2009,"CS"
237,"461001","Bugarama","CS","03","03","OUEST","0306","RUSIZI","030610","Muganza",-2.64302,29.01127,"agree",51858,2002,"National Census",319,"Mibilizi HD",2009,"CS"
247,"461201","Nkanka","CS","03","03","OUEST","0306","RUSIZI","030612","Nkanka",-2.42697,28.92893,"agree",42340,2002,"National Census",311,"Gihundwe HD",2009,"CS"
246,"461801","Mushaka","CS","03","03","OUEST","0306","RUSIZI","030618","Rwimbogo",-2.63777,28.95313,"agree",51540,2002,"National Census",320,"Mibilizi HD",2009,"CS"
245,"4602","Mibilizi HD","HD","03","03","OUEST","0306","RUSIZI","030604","Gashonga",-2.56765,28.95374,"agree",217371,2002,"National Census",313,,2009,"HD"
238,"460301","Bweyeye","CS","03","03","OUEST","0306","RUSIZI","030603","Bweyeye",-2.61795,29.21397,"agree",17946,2002,"National Census",314,"Gihundwe HD",2009,"CS"
244,"460401","Mibilizi","CS","03","03","OUEST","0306","RUSIZI","030604","Gashonga",-2.49303,28.89297,"agree",42950,2002,"National Census",316,"Mibilizi HD",2009,"CS"
243,"460801","Mashesha","CS","03","03","OUEST","0306","RUSIZI","030608","Gitambi",-2.59685,29.0073,"agree",31556,2002,"National Census",318,"Mibilizi HD",2009,"CS"
240,"460601","Gihundwe","CS","03","03","OUEST","0306","RUSIZI","030609","Kamembe",-2.48328,28.91482,"public",45530,2002,"National Census",323,"Gihundwe HD",2009,"CS"
584,,"Prison Cyangugu","PRIS","03","03","OUEST","0306","RUSIZI","030609","Kamembe",,,"Parastatal",3825,2009,"Prison Registration",,"Gihundwe HD",2009,"XX"
239,,"Cimerwa","CS","03","03","OUEST","0306","RUSIZI","030601","Bugarama",-2.61097,29.29019,"private",984,2002,"National Census",,,2009,"CS"
249,"461401","Nkungu","CS","03","03","OUEST","0306","RUSIZI","030614","Nkungu",-2.54252,29.00667,"agree",20489,2002,"National Census",322,"Mibilizi HD",2009,"CS"
184,"470202","Kibingo (Rutsiro)","CS","03","03","OUEST","0302","RUTSIRO","030202","Gihango",,,"public",4862,2008,,332,"Murunda HD",2009,"CS"
183,"471202","Kayove","CS","03","03","OUEST","0302","RUTSIRO","030212","Ruhango",-1.88723,29.3437,"public",30679,2002,"National Census",335,"Murunda HD",2009,"CS"
182,"470701","Karumbi","CS","03","03","OUEST","0302","RUTSIRO","030207","Murunda",-1.86492,29.45122,"public",7221,2002,"National Census",334,"Murunda HD",2009,"CS"
181,"471301","Kabona","CS","03","03","OUEST","0302","RUTSIRO","030213","Rusebeya",-1.94365,29.48763,"agree",11775,2002,"National Census",340,"Murunda HD",2009,"CS"
180,"470301","Cyimbili","CS","03","03","OUEST","0302","RUTSIRO","030203","Kigeyo",-1.82775,29.29258,"agree",12788,2002,"National Census",337,"Murunda HD",2009,"CS"
179,"470201","Crete Congo Nil","CS","03","03","OUEST","0302","RUTSIRO","030202","Gihango",-1.9641,29.386,"agree",24984,2002,"National Census",329,"Murunda HD",2009,"CS"
177,"470901","Biruyi","CS","03","03","OUEST","0302","RUTSIRO","030209","Mushonyi",-1.8516,29.31639,"agree",12878,2002,"National Census",336,"Murunda HD",2009,"CS"
193,"471101","Nyabirasi","CS","03","03","OUEST","0302","RUTSIRO","030211","Nyabirasi",-1.76195,29.34942,"public",23812,2002,"National Census",338,"Murunda HD",2009,"CS"
185,"470302","Kinihira","CS","03","03","OUEST","0302","RUTSIRO","030203","Kigeyo",-1.8321,29.34644,"public",13114,2002,"National Census",330,"Murunda HD",2009,"CS"
178,"471201","Bitenga ","CS","03","03","OUEST","0302","RUTSIRO","030212","Ruhango",,,"public",9586,2008,,342,"Murunda HD",2009,"CS"
187,"470401","Kivumu","CS","03","03","OUEST","0302","RUTSIRO","030204","Kivumu",-1.77678,29.32073,"agree",31709,2002,"National Census",327,"Murunda HD",2009,"CS"
188,"470601","Mukura","CS","03","03","OUEST","0302","RUTSIRO","030206","Mukura",-2.00848,29.48692,"public",16301,2002,"National Census",331,"Murunda HD",2009,"CS"
189,"470702","Murunda","CS","03","03","OUEST","0302","RUTSIRO","030207","Murunda",-1.91522,29.37665,"agree",34627,2002,"National Census",326,"Murunda HD",2009,"CS"
190,"4701","Murunda HD","HD","03","03","OUEST","0302","RUTSIRO","030207","Murunda",-1.90687,29.3761,"agree",292705,2002,"National Census",325,,2009,"HD"
192,"471001","Mushubati","CS","03","03","OUEST","0302","RUTSIRO","030210","Mushubati",-2.01275,29.39993,"agree",16830,2002,"National Census",328,"Murunda HD",2009,"CS"
194,"470501","Rutsiro","DISP","03","03","OUEST","0302","RUTSIRO","030205","Manihira",-1.91522,29.45703,"public",27478,2002,"National Census",341,"Murunda HD",2009,"XX"
191,"470801","Musasa","CS","03","03","OUEST","0302","RUTSIRO","030208","Musasa",-1.9625,29.34865,"public",9517,2002,"National Census",333,"Murunda HD",2009,"CS"
186,"470101","Kinunu","CS","03","03","OUEST","0302","RUTSIRO","030201","Boneza",-1.90783,29.29443,"agree",18992,2002,"National Census",339,"Murunda HD",2009,"CS"
64,"510801","Mugombwa","CS","02","02","SUD","0202","GISAGARA","020208","Mugombwa",-2.6793,29.8601,"agree",18815,2002,"National Census",65,"Kibilizi HD",2009,"CS"
57,"511101","Gisagara","CS","02","02","SUD","0202","GISAGARA","020211","Ndora",-2.5993,29.83787,"agree",29258,2002,"National Census",60,"Kibilizi HD",2009,"CS"
58,"510302","Kansi","CS","02","02","SUD","0202","GISAGARA","020203","Kansi",-2.70122,29.75083,"agree",16260,2002,"National Census",61,"Kibilizi HD",2009,"CS"
54,"5101","Gakoma HD","HD","02","02","SUD","0202","GISAGARA","020206","Mamba",-2.34972,29.91768,"agree",26268,2002,"National Census",56,,2009,"HD"
65,"511001","Musha","CS","02","02","SUD","0202","GISAGARA","020210","Musha",-2.53537,29.85932,"public",19735,2002,"National Census",66,"Gakoma HD",2009,"CS"
59,"510901","Kibayi","CS","02","02","SUD","0202","GISAGARA","020209","Mukindo",-2.73207,29.8593,"public",22687,2002,"National Census",62,"Kibilizi HD",2009,"CS"
60,"510401","Kibilizi","CS","02","02","SUD","0202","GISAGARA","020204","Kibirizi",-2.64912,29.78303,"public",22180,2002,"National Census",63,"Kibilizi HD",2009,"CS"
62,"511201","Kigembe","CS","02","02","SUD","0202","GISAGARA","020212","Nyanza",-2.7803,29.73707,"public",26325,2002,"National Census",67,"Kibilizi HD",2009,"CS"
55,"510102","Gikonko","CS","02","02","SUD","0202","GISAGARA","020201","Gikonko",-2.48407,29.85523,"agree",17403,2002,"National Census",59,"Gakoma HD",2009,"CS"
61,"5102","Kibilizi HD","HD","02","02","SUD","0202","GISAGARA","020204","Kibirizi",-2.64863,29.78335,"public",189508,2002,"National Census",55,,2009,"HD"
56,"510301","Gikore","CS","02","02","SUD","0202","GISAGARA","020203","Kansi",-2.73288,29.79413,"agree",17364,2002,"National Census",58,"Kibilizi HD",2009,"CS"
53,"510601","Gakoma","CS","02","02","SUD","0202","GISAGARA","020206","Mamba",-2.34972,29.91768,"agree",26268,2002,"National Census",57,"Gakoma HD",2009,"CS"
63,"510701","Kirarambogo","CS","02","02","SUD","0202","GISAGARA","020208","Mugombwa",-2.62067,29.89993,"agree",36619,2002,"National Census",64,"Kibilizi HD",2009,"CS"
66,"511301","Save","CS","02","02","SUD","0202","GISAGARA","020213","Save",-2.54592,29.77143,"agree",25402,2002,"National Census",68,"Gakoma HD",2009,"CS"
597,,"Prison Butare","PRIS","02","02","SUD","0204","HUYE","020409","Ngoma",,,"Parastatal",7500,2009,"Prision registration",,"Kabutare HD",2009,"XX"
92,"521101","Rubona","CS","02","02","SUD","0204","HUYE","020411","Rusatira",-2.4772,29.76815,"public",15811,2002,"National Census",80,"Kabutare HD",2009,"CS"
93,"521001","Ruhashya-Rwaniro","CS","02","02","SUD","0204","HUYE","020410","Ruhashya",-2.47975,29.72925,"public",40165,2002,"National Census",79,"Kabutare HD",2009,"CS"
95,,"Rwaniro","CS","02","02","SUD","0204","HUYE","020412","Rwaniro",,,"public",18000,2008,,83,,2009,"CS"
96,"521301","Simbi","CS","02","02","SUD","0204","HUYE","020413","Simbi",-2.51377,29.66735,"agree",43312,2002,"National Census",77,"Kabutare HD",2009,"CS"
97,"520201","Sovu","CS","02","02","SUD","0204","HUYE","020402","Huye",-2.56425,29.62048,"public",19543,2002,"National Census",82,"Kabutare HD",2009,"CS"
91,"521401","Rango","CS","02","02","SUD","0204","HUYE","020414","Tumba",-2.63887,29.74582,"public",39773,2002,"National Census",76,"Kabutare HD",2009,"CS"
94,"521102","Rusatira-Kinazi","CS","02","02","SUD","0204","HUYE","020411","Rusatira",-2.43185,29.77438,"public",20845,2002,"National Census",78,"Kabutare HD",2009,"CS"
90,"520904","Prison Karubanda","PRIS","02",,"SUD","0204","HUYE",,,-2.59058,29.73937,"public",9006,2002,"National Census",,,2009,"XX"
89,"520701","Mbazi","CS","02","02","SUD","0204","HUYE","020407","Mbazi",-2.5517,29.74588,"public",23019,2002,"National Census",75,"Kabutare HD",2009,"CS"
88,"520902","Matyazo","CS","02","02","SUD","0204","HUYE","020402","Huye",-2.59752,29.7204,"agree",11795,2002,"National Census",74,"Kabutare HD",2009,"CS"
87,"520401","Kinyamakara","CS","02","02","SUD","0204","HUYE","020404","Kigoma",-2.47288,29.6485,"public",23345,2002,"National Census",72,"Kabutare HD",2009,"CS"
86,"520301","Karama","CS","02","02","SUD","0204","HUYE","020403","Karama",-2.61218,29.6437,"agree",15856,2002,"National Census",73,"Kabutare HD",2009,"CS"
84,"520903","Huye Police","CS","02","02","SUD","0204","HUYE","020409","Ngoma",,,"public",10700,2008,,81,"Kabutare HD",2009,"CS"
83,"520901","CUSP Butare","CS","02","02","SUD","0204","HUYE","020402","Huye",-2.26046,29.74143,"agree",13676,2002,"National Census",71,"Kabutare HD",2009,"CS"
82,,"BUTARE CHU","HNR","02",,"SUD","0204","HUYE",,,-2.61205,29.73518,"public",,2002,"National Census",,,2009,"XX"
81,"520101","Busoro-Gishamvu","CS","02","02","SUD","0204","HUYE","020401","Gishamvu",-2.66548,29.69302,"public",14300,2002,"National Census",70,"Kabutare HD",2009,"CS"
494,,"Prison Rwandex","PRIS","02","02","SUD","0204","HUYE","020409","Ngoma",,,"public",,,,,,2009,"XX"
85,"5201","Kabutare HD","HD","02","02","SUD","0204","HUYE","020409","Ngoma",-2.60738,29.74733,"public",294724,2002,"National Census",69,,2009,"HD"
149,"530502","Mugina","CS","02","02","SUD","0208","KAMONYI","020805","Mugina",-2.10808,29.94647,"public",30348,2002,"National Census",84,"Remera Rukoma HD",2009,"CS"
142,"530501","Cyeru","CS","02","02","SUD","0208","KAMONYI","020805","Mugina",-2.18737,29.96953,"public",11969,2002,"National Census",92,"Remera Rukoma HD",2009,"CS"
146,"530702","Karangara","CS","02","02","SUD","0208","KAMONYI","020807","Ngamba",-1.89732,29.8998,"public",10837,2002,"National Census",87,"Remera Rukoma HD",2009,"CS"
525,"531102","ANUPHIL","DISP","02",,"SUD","0208","KAMONYI",,,,,"private",,2008,,,,2009,"XX"
526,"530102","KAMONYI","DISP","02",,"SUD","0208","KAMONYI",,,,,"private",,2008,,,,2009,"XX"
145,"530101","Kamonyi","CS","02","02","SUD","0208","KAMONYI","020801","Gacurabwenge",-2.00448,29.90557,"public",33290,2002,"National Census",95,"Remera Rukoma HD",2009,"CS"
527,"531103","GACURABWENGE","DISP","02","02","SUD","0208","KAMONYI","020801","Gacurabwenge",,,"private",,2008,,,,2009,"XX"
528,"530602","IWACU","DISP","02","02","SUD","0208","KAMONYI","020806","Musambira",,,"private",,2008,,,,2009,"XX"
148,"531001","Kigese","CS","02","02","SUD","0208","KAMONYI","020810","Rugarika",-2.01467,29.97278,"public",19404,2002,"National Census",93,"Remera Rukoma HD",2009,"CS"
530,"530103","UBUZIMA BWIZA","DISP","02",,"SUD","0208","KAMONYI",,,,,"private",,2008,,,,2009,"XX"
524,"530401","AMIZERO","DISP","02",,"SUD","0208","KAMONYI",,,,,"private",,2008,,,,2009,"XX"
153,"5301","Remera Rukoma HD","HD","02","02","SUD","0208","KAMONYI","020811","Rukoma",-1.93877,29.90985,"agree",289174,2002,"National Census",90,,2009,"HD"
152,"531101","Remera Rukoma","CS","02","02","SUD","0208","KAMONYI","020811","Rukoma",-1.93877,29.90985,"agree",33706,2002,"National Census",91,"Remera Rukoma HD",2009,"CS"
151,"530901","Nyagihamba","CS","02","02","SUD","0208","KAMONYI","020809","Nyarubaka",,,"agree",25083,2008,"Clinton Foundation",89,"Remera Rukoma HD",2009,"CS"
150,"530601","Musambira","CS","02","02","SUD","0208","KAMONYI","020806","Musambira",-2.0481,29.84412,"public",39019,2002,"National Census",86,"Remera Rukoma HD",2009,"CS"
147,"530301","Kayenzi","CS","02","02","SUD","0208","KAMONYI","020803","Kayenzi",-1.90968,29.85483,"public",43044,2002,"National Census",88,"Remera Rukoma HD",2009,"CS"
143,"531201","Gihara","CS","02","02","SUD","0208","KAMONYI","020812","Runda",-1.9445,29.96152,"agree",23229,2002,"National Census",85,"Remera Rukoma HD",2009,"CS"
529,"530801","INSHUTI NZIZA ","DISP","02",,"SUD","0208","KAMONYI",,,,,"private",,2008,,,,2009,"XX"
144,"530701","Kabuga","CS","02","02","SUD","0208","KAMONYI","020807","Ngamba",-1.88492,29.93777,"agree",6220,2002,"National Census",94,"Remera Rukoma HD",2009,"CS"
134,"540101","Kivumu","CS","02","02","SUD","0207","MUHANGA","020701","Cyeza",-2.04773,29.80443,"agree",20158,2002,"National Census",156,"Kabgayi HD",2009,"CS"
141,"541202","Shyogwe","CS","02","02","SUD","0207","MUHANGA","020712","Shyogwe",-2.12572,29.77748,"public",21047,2002,"National Census",145,"Kabgayi HD",2009,"CS"
140,"540102","Rutobwe","DISP","02","02","SUD","0207","MUHANGA","020701","Cyeza",-1.97437,29.80007,"public",33895,2002,"National Census",153,"Kabgayi HD",2009,"XX"
139,,"Prison Gitarama","PRIS","02",,"SUD","0207","MUHANGA",,,-2.08033,29.76402,"public",,2002,"National Census",,,2009,"XX"
138,"540901","Nyarusange (MUHANGA)","CS","02","02","SUD","0207","MUHANGA","020709","Nyarusange",-2.09215,29.6838,"agree",25995,2002,"National Census",147,"Kabgayi HD",2009,"CS"
137,"540701","Nyabinoni","CS","02","02","SUD","0207","MUHANGA","020707","Nyabinoni",-1.77308,29.68333,"public",19173,2002,"National Census",149,"Kabgayi HD",2009,"CS"
136,"540401","Nyabikenke","CS","02","02","SUD","0207","MUHANGA","020704","Kiyumba",-1.8823,29.76977,"public",42173,2002,"National Census",151,"Kabgayi HD",2009,"CS"
135,"540601","Mushishiro","CS","02","02","SUD","0207","MUHANGA","020706","Mushishiro",-2.00285,29.68445,"agree",32515,2002,"National Census",146,"Kabgayi HD",2009,"CS"
133,"5401","Kabgayi HD","HD","02","02","SUD","0207","MUHANGA","020708","Nyamabuye",-2.10455,29.75058,"agree",327381,2002,"National Census",158,,2009,"HD"
132,"540801","Kabgayi","CS","02","02","SUD","0207","MUHANGA","020708","Nyamabuye",-2.10187,29.7525,"agree",20353,2002,"National Census",155,"Kabgayi HD",2009,"CS"
131,"540301","Gitega","CS","02","02","SUD","0207","MUHANGA","020703","Kibangu",-1.84892,29.69177,"public",23226,2002,"National Census",152,"Kabgayi HD",2009,"CS"
130,"541201","Gitarama","CS","02","02","SUD","0207","MUHANGA","020712","Shyogwe",-2.0758,29.78127,"public",36686,2002,"National Census",148,"Kabgayi HD",2009,"CS"
129,"541101","Gasovu","CS","02","02","SUD","0207","MUHANGA","020711","Rugendabari",-1.9126,29.79427,"public",14625,2002,"National Census",150,"Kabgayi HD",2009,"CS"
128,"540201","Buramba","CS","02","02","SUD","0207","MUHANGA","020702","Kabacuzi",-1.9663,29.71617,"public",24142,2002,"National Census",157,"Kabgayi HD",2009,"CS"
127,"541001","Birehe","CS","02","02","SUD","0207","MUHANGA","020710","Rongi",-1.76792,29.74555,"public",13393,2002,"National Census",154,"Kabgayi HD",2009,"CS"
468,,"Prison Gasaka","PRIS","02","02","SUD","0205","NYAMAGABE","020503","Gasaka",,,"public",,,,,,2009,"XX"
562,,"MUGANO","CS","02","02","SUD","0205","NYAMAGABE","020511","Mugano",,,"public",,,,,,2009,"CS"
563,,"Kavumu","CS","02",,"SUD","0205","NYAMAGABE",,,,,"public",,,,,,2009,"CS"
101,"5502","Kaduha HD","HD","02","02","SUD","0205","NYAMAGABE","020505","Kaduha",-2.33335,29.52615,"public",152795,2002,"National Census",294,,2009,"HD"
495,"550701","Bugarama","PS","02","02","SUD","0205","NYAMAGABE","020507","Kibirizi",,,"agree",,2008,,,,2009,"XX"
99,"551201","Jenda","CS","02","02","SUD","0205","NYAMAGABE","020512","Musange",-2.28592,29.57324,"public",25963,2002,"National Census",287,"Kaduha HD",2009,"CS"
492,"550303","Prison Gikongoro","PRIS","02","02","SUD","0205","NYAMAGABE","020503","Gasaka",-2.461667,29.578061,"public",,2008,,,,2009,"XX"
100,"550501","Kaduha","CS","02","02","SUD","0205","NYAMAGABE","020505","Kaduha",-2.3334,29.5249,"agree",34198,2002,"National Census",289,"Kaduha HD",2009,"CS"
545,"550801","KIBUMBWE","CS","02","02","SUD","0205","NYAMAGABE","020508","Kibumbwe",,,"public",,2008,,,"Kaduha HD",2009,"CS"
110,"550601","Nyarusiza","CS","02","02","SUD","0205","NYAMAGABE","020506","Kamegeri",-2.5273,29.5776,"public",17498,2002,"National Census",280,"Kigeme HD",2009,"CS"
103,"5501","Kigeme HD","HD","02","02","SUD","0205","NYAMAGABE","020503","Gasaka",-2.47935,29.52578,"agree",177226,2002,"National Census",,,2009,"HD"
104,"550901","Kitabi","CS","02","02","SUD","0205","NYAMAGABE","020516","Tare",-2.52118,29.42745,"public",24724,2002,"National Census",290,"Kigeme HD",2009,"CS"
105,"551601","Mbuga","CS","02","02","SUD","0205","NYAMAGABE","020516","Tare",-2.49705,29.48067,"agree",44081,2002,"National Census",285,"Kigeme HD",2009,"CS"
106,"551301","Musebeya","CS","02","02","SUD","0205","NYAMAGABE","020514","Mushubi",-2.4255,29.44623,"public",34249,2002,"National Census",282,"Kaduha HD",2009,"CS"
102,"550301","Kigeme","CS","02","02","SUD","0205","NYAMAGABE","020503","Gasaka",-2.47992,29.5257,"agree",17160,2002,"National Census",292,"Kigeme HD",2009,"CS"
107,"551401","Mushubi","CS","02","02","SUD","0205","NYAMAGABE","020514","Mushubi",-2.3484,29.44475,"public",29595,2002,"National Census",283,"Kaduha HD",2009,"CS"
108,"551001","Ngara","CS","02","02","SUD","0205","NYAMAGABE","020503","Gasaka",-2.3878,29.6042,"public",18438,2002,"National Census",288,"Kigeme HD",2009,"CS"
109,"550302","Nyamagabe","CS","02","02","SUD","0205","NYAMAGABE","020310","Nyabimata",-2.48302,29.58403,"public",36773,2002,"National Census",291,"Kigeme HD",2009,"CS"
98,"550201","Cyanika","CS","02","02","SUD","0205","NYAMAGABE","020502","Cyanika",-2.44067,29.60317,"agree",18552,2002,"National Census",286,"Kigeme HD",2009,"CS"
111,"551501","Nyarwungo","CS","02","02","SUD","0205","NYAMAGABE","020515","Nkomane",-2.29628,29.40862,"agree",12674,2002,"National Census",284,"Kaduha HD",2009,"CS"
112,"550401","Rugege","CS","02","02","SUD","0205","NYAMAGABE","020504","Gatare",-2.36833,29.38137,"agree",16116,2002,"National Census",281,"Kaduha HD",2009,"CS"
43,"560301","Mucubira","CS","02","02","SUD","0201","NYANZA","020103","Cyabakamyi",-2.29562,29.64245,"public",19025,2002,"National Census",208,"Nyanza HD",2009,"CS"
44,"560902","Mweya","CS","02","02","SUD","0201","NYANZA","020109","Nyagisozi",-2.33155,29.64262,"agree",13703,2002,"National Census",209,"Nyanza HD",2009,"CS"
38,"561001","Cyaratsi","CS","02","02","SUD","0201","NYANZA","020110","Rwabicuma",-2.38587,29.71435,"public",12583,2002,"National Census",203,"Nyanza HD",2009,"CS"
45,"560801","Ntyazo","CS","02","02","SUD","0201","NYANZA","020108","Ntyazo",-2.4284,29.88537,"public",9504,2002,"National Census",210,"Nyanza HD",2009,"CS"
42,"560901","Kirambi","CS","02","02","SUD","0201","NYANZA","020109","Nyagisozi",-2.41247,29.66145,"agree",8954,2002,"National Census",207,"Nyanza HD",2009,"CS"
47,"560702","Nyamure","CS","02","02","SUD","0201","NYANZA","020107","Muyira",-2.3493,29.84819,"public",10344,2002,"National Census",212,"Nyanza HD",2009,"CS"
40,,"Hanika (Nyanza)","CS","02","02","SUD","0201","NYANZA","020101","Busasamana",,,"agree",15086,2008,,205,,2009,"CS"
48,"560102","Nyanza","CS","02","02","SUD","0201","NYANZA","020101","Busasamana",-2.35255,29.74867,"public",30173,2002,"National Census",213,"Nyanza HD",2009,"CS"
46,"560701","Nyamiyaga","CS","02","02","SUD","0201","NYANZA","020107","Muyira",-2.34547,29.87252,"public",12162,2002,"National Census",211,"Nyanza HD",2009,"CS"
37,"560201","Busoro","CS","02","02","SUD","0201","NYANZA","020102","Busoro",-2.28962,29.93048,"agree",24146,2002,"National Census",202,"Nyanza HD",2009,"CS"
49,"5601","Nyanza HD","HD","02","02","SUD","0201","NYANZA","020101","Busasamana",-2.35268,29.7493,"public",210228,2002,"National Census",215,,2009,"HD"
50,,"Prison Mpanga","PRIS","02",,"SUD","0201","NYANZA",,,-2.30222,29.71778,"public",7000,2002,"National Census",,,2009,"XX"
51,,"Prison Nyanza","PRIS","02",,"SUD","0201","NYANZA",,,-2.3539,29.75288,"public",5371,2002,"National Census",,"Nyanza HD",2009,"XX"
39,"560601","Gatagara","CS","02","02","SUD","0201","NYANZA","020106","Mukingo",-2.29638,29.74723,"agree",26277,2002,"National Census",204,"Nyanza HD",2009,"CS"
41,"560401","Kibilizi","CS","02","02","SUD","0201","NYANZA","020104","Kibilizi",-2.38573,29.89483,"agree",22031,2002,"National Census",206,"Nyanza HD",2009,"CS"
600,,"Gahombo","CS","02","02","SUD","0201","NYANZA","020105","Kigoma",,,"private",29736,2010,"Secteur Administratif",,"Nyanza HD",2009,"CS"
593,,"Nyarusange (NYANZA)","CS","02","02","SUD","0201","NYANZA","020110","Rwabicuma",,,"public",8022,2010,"Secteur Administratif",,"Nyanza HD",2009,"CS"
601,,"Hanika (NYANZA)","CS","02","02","SUD","0201","NYANZA","020101","Busasamana",,,"agree",15959,2010,"Secteur Administratif",,"Nyanza HD",2009,"CS"
52,"560803","Ruyenzi","CS","02","02","SUD","0201","NYANZA","020108","Ntyazo",-2.42498,29.83008,"agree",8955,2002,"National Census",214,"Nyanza HD",2009,"CS"
67,"570201","Coko","CS","02","02","SUD","0203","NYARUGURU","020302","Cyahinda",-2.71613,29.58023,"public",8200,2002,"National Census",385,"Munini HD",2009,"CS"
78,"571201","Ruheru","CS","02","02","SUD","0203","NYARUGURU","020312","Ruheru",-2.74762,29.45403,"agree",20833,2002,"National Census",396,"Munini HD",2009,"CS"
68,"570202","Cyahinda","CS","02","02","SUD","0203","NYARUGURU","020302","Cyahinda",-2.74087,29.60907,"agree",29624,2002,"National Census",386,"Munini HD",2009,"CS"
69,"571401","Kabilizi","CS","02","02","SUD","0203","NYARUGURU","020314","Rusenge",-2.6411,29.62337,"public",17455,2002,"National Census",387,"Munini HD",2009,"CS"
70,"570301","Kibeho","CS","02","02","SUD","0203","NYARUGURU","020303","Kibeho",-2.64605,29.55317,"agree",12852,2002,"National Census",388,"Munini HD",2009,"CS"
71,"571101","Maraba","CS","02","02","SUD","0203","NYARUGURU","020311","Nyagisozi",-2.73742,29.6456,"public",16321,2002,"National Census",389,"Munini HD",2009,"CS"
72,"570601","Muganza","CS","02","02","SUD","0203","NYARUGURU","020306","Muganza",-2.68812,29.49418,"agree",21837,2002,"National Census",390,"Munini HD",2009,"CS"
73,"570701","Munini","CS","02","02","SUD","0203","NYARUGURU","020307","Munini",-2.71378,29.53548,"public",11795,2002,"National Census",391,"Munini HD",2009,"CS"
74,"5701","Munini HD","HD","02","02","SUD","0203","NYARUGURU","020307","Munini",,,"public",268976,2008,"Clinton Foundation",398,,2009,"HD"
75,"571001","Nyabimata","CS","02","02","SUD","0203","NYARUGURU","020310","Nyabimata",-2.68957,29.44438,"public",25928,2002,"National Census",394,"Munini HD",2009,"CS"
77,"571102","Nyantanga","CS","02","02","SUD","0203","NYARUGURU","020311","Nyagisozi",-2.7285,29.65302,"agree",10603,2002,"National Census",393,"Munini HD",2009,"CS"
79,"570101","Runyombyi","CS","02","02","SUD","0203","NYARUGURU","020301","Busanze",-2.77983,29.53497,"agree",32619,2002,"National Census",395,"Munini HD",2009,"CS"
80,"571301","Ruramba","CS","02","02","SUD","0203","NYARUGURU","020313","Ruramba",-2.55978,29.53963,"agree",15857,2002,"National Census",397,"Munini HD",2009,"CS"
591,,"Ngoma","CS","02","02","SUD","0203","NYARUGURU","020309","Ngoma",,,"public",,2008,,,,2009,"CS"
592,,"Kivu","CS","02","02","SUD","0203","NYARUGURU","020304","Kivu",,,"public",,2008,,,,2009,"CS"
76,"570501","Nyamyumba","CS","02","02","SUD","0203","NYARUGURU","020305","Mata",-2.58335,29.55563,"public",7405,2002,"National Census",392,"Munini HD",2009,"CS"
121,"580602","Mbuye","CS","02","02","SUD","0206","RUHANGO","020606","Mbuye",-2.13123,29.84788,"public",15352,2002,"National Census",223,"Gitwe HD",2009,"CS"
123,"580501","Muremure","CS","02","02","SUD","0206","RUHANGO","020605","Kinihira",-2.15468,29.62002,"public",8423,2002,"National Census",225,"Gitwe HD",2009,"CS"
113,"580201","Byimana","CS","02","02","SUD","0206","RUHANGO","020602","Byimana",-2.1567,29.74342,"public",28657,2002,"National Census",216,"Gitwe HD",2009,"CS"
119,"580401","Kinazi","CS","02","02","SUD","0206","RUHANGO","020604","Kinazi",-2.19267,29.90462,"public",24182,2002,"National Census",221,"Gitwe HD",2009,"CS"
126,"580902","Ruhango","CS","02","02","SUD","0206","RUHANGO","020609","Ruhango",-2.229,29.78144,"agree",40202,2002,"National Census",228,"Gitwe HD",2009,"CS"
124,"580502","Muyunzwe","CS","02","02","SUD","0206","RUHANGO","020605","Kinihira",-2.16775,29.66115,"agree",15343,2002,"National Census",226,"Gitwe HD",2009,"CS"
122,"580402","Mukoma","CS","02","02","SUD","0206","RUHANGO","020604","Kinazi",-2.20148,29.94578,"agree",10048,2002,"National Census",224,"Gitwe HD",2009,"CS"
120,"580601","Kizibere","CS","02","02","SUD","0206","RUHANGO","020606","Mbuye",-2.1728,29.81858,"agree",12808,2002,"National Census",222,"Gitwe HD",2009,"CS"
118,"580901","Kigoma","CS","02","02","SUD","0206","RUHANGO","020609","Ruhango",-2.26187,29.79272,"public",21372,2002,"National Census",220,"Gitwe HD",2009,"CS"
117,"580301","Karambi","CS","02","02","SUD","0206","RUHANGO","020603","Kabagali",-2.22555,29.6506,"public",24227,2002,"National Census",219,"Gitwe HD",2009,"CS"
116,"5801","Gitwe HD","HD","02","02","SUD","0206","RUHANGO","020601","Bweramana",-2.2478,29.68933,"agree",259227,2002,"National Census",229,,2009,"HD"
115,"580101","Gitwe","CS","02","02","SUD","0206","RUHANGO","020601","Bweramana",-2.24103,29.68998,"agree",22495,2002,"National Census",218,"Gitwe HD",2009,"CS"
114,"580701","Gishweru","CS","02","02","SUD","0206","RUHANGO","020607","Mwendo",-2.12587,29.65565,"public",20314,2002,"National Census",217,"Gitwe HD",2009,"CS"
125,"580801","Nyarurama","CS","02","02","SUD","0206","RUHANGO","020608","Ntongwe",-2.24455,29.87387,"public",15804,2002,"National Census",227,"Gitwe HD",2009,"CS"
13,,"AVEGA Kigali","CS","01",,"VILLE DE KIGALI","0102","GASABO",,,-1.95858,30.10683,"private",,2002,"National Census",,,2009,"CS"
21,"211501","Kayanga","CS","01","01","VILLE DE KIGALI","0102","GASABO","010215","Rutunga",-1.8421,30.19052,"public",20796,2002,"National Census",413,"Kibagabaga HD",2009,"CS"
26,"210501","Nyacyonga","CS","01","01","VILLE DE KIGALI","0102","GASABO","010205","Jabana",-1.86805,30.08417,"public",16663,2002,"National Census",416,"Kibagabaga HD",2009,"CS"
24,,"King Faisal Hospital","HNR","01","01","VILLE DE KIGALI","0102","GASABO","010207","Kacyiru",-1.94397,30.0951,"public",1,2002,"National Census",,,2009,"XX"
23,"210901","Kimironko","CS","01","01","VILLE DE KIGALI","0102","GASABO","010209","Kimironko",-1.95148,30.12608,"public",64865,2002,"National Census",414,"Kibagabaga HD",2009,"CS"
22,"2101","Kibagabaga HD","HD","01","01","VILLE DE KIGALI","0102","GASABO","010207","Kacyiru",-1.93087,30.11198,"public",355172,2002,"National Census",419,,2009,"HD"
20,"210401","Kagugu","CS","01","01","VILLE DE KIGALI","0102","GASABO","010210","Kinyinya",-1.91297,30.08625,"public",29261,2002,"National Census",412,"Kibagabaga HD",2009,"CS"
19,,"Kacyiru Police Hospital","HM","01",,"VILLE DE KIGALI","0102","GASABO",,,,,"public",,2008,,418,,2009,"XX"
18,"210701","Kacyiru","CS","01","01","VILLE DE KIGALI","0102","GASABO","010207","Kacyiru",-1.93318,30.07523,"public",59615,2002,"National Census",411,"Kibagabaga HD",2009,"CS"
17,"210202","Kabuye","CS","01","01","VILLE DE KIGALI","0102","GASABO","010205","Jabana",-1.88988,30.06348,"public",14127,2002,"National Census",410,"Kibagabaga HD",2009,"CS"
16,"210201","Jali","CS","01","01","VILLE DE KIGALI","0102","GASABO","010206","Jali",-1.89007,30.01905,"public",39332,2002,"National Census",409,"Kibagabaga HD",2009,"CS"
14,,"CARAES Ndera","HNR","01",,"VILLE DE KIGALI","0102","GASABO",,,-1.95472,30.169,"agree",,2002,"National Census",,,2009,"XX"
27,,"Prison Kimironko","PRIS","01",,"VILLE DE KIGALI","0102","GASABO",,,-1.93923,30.13133,"public",6248,2002,"National Census",,,2009,"XX"
15,,"Bumbogo","CS","01","01","VILLE DE KIGALI","0102","GASABO","010201","Bumbogo",-1.85982,30.15383,"public",12441,2002,"National Census",408,"Kibagabaga HD",2009,"CS"
513,,"Gihogwe","CS","01","01","VILLE DE KIGALI","0102","GASABO","010206","Jali",-1.905766,30.046236,"public",,,,,,2009,"CS"
25,"210402","Kinyinya","CS","01","01","VILLE DE KIGALI","0102","GASABO","010210","Kinyinya",-1.91858,30.11195,"public",12667,2002,"National Census",415,"Kibagabaga HD",2009,"CS"
28,"211401","Rubungo","CS","01","01","VILLE DE KIGALI","0102","GASABO","010211","Ndera",-1.9463,30.17382,"agree",14772,2002,"National Census",417,"Kibagabaga HD",2009,"CS"
552,"210101","Gikomero","CS","01","01","VILLE DE KIGALI","0102","GASABO","010203","Gikomero",,,"public",,,,,,2009,"CS"
551,,"Nduba","CS","01","01","VILLE DE KIGALI","0102","GASABO","010212","Nduba",,,"public",,,,,,2009,"CS"
33,"220801","Kabuga","CS","01","01","VILLE DE KIGALI","0103","KICUKIRO","010308","Masaka",-1.98393,30.22853,"agree",29552,2002,"National Census",426,"Kanombe HM",2009,"CS"
34,"2201","Kanombe HM","HM","01","01","VILLE DE KIGALI","0103","KICUKIRO","010305","Kanombe",-1.97878,30.16782,"public",230290,2002,"National Census",427,,2009,"XX"
35,"220901","Kicukiro","CS","01","01","VILLE DE KIGALI","0103","KICUKIRO","010309","Niboye",-1.97675,30.11447,"agree",49335,2002,"National Census",421,"Kanombe HM",2009,"CS"
36,"220802","Masaka","CS","01","01","VILLE DE KIGALI","0103","KICUKIRO","010308","Masaka",-1.99563,30.1913,"agree",22857,2002,"National Census",425,"Kanombe HM",2009,"CS"
558,,"Nyarugunga","CS","01","01","VILLE DE KIGALI","0103","KICUKIRO","010310","Nyarugunga",,,"public",,,,,,2009,"CS"
32,"220301","Gikondo","CS","01","01","VILLE DE KIGALI","0103","KICUKIRO","010303","Gikondo",-1.9703,30.0784,"agree",71287,2002,"National Census",422,"Kanombe HM",2009,"CS"
31,"220101","Gahanga","CS","01","01","VILLE DE KIGALI","0103","KICUKIRO","010301","Gahanga",-2.0276,30.1043,"public",13448,2002,"National Census",424,"Kanombe HM",2009,"CS"
30,"220501","Busanza","CS","01","01","VILLE DE KIGALI","0103","KICUKIRO","010305","Kanombe",-1.98012,30.14957,"public",56999,2002,"National Census",423,"Kanombe HM",2009,"CS"
29,"220601","Bethsaida ","CS","01","01","VILLE DE KIGALI","0103","KICUKIRO","010306","Kicukiro",,,"agree",46100,2008,,420,"Kanombe HM",2009,"CS"
5,"230801","Gitega","CS","01","01","VILLE DE KIGALI","0101","NYARUGENGE","010109","Nyarugenge",-1.95775,30.05985,"public",41461,2002,"National Census",431,"Muhima HD",2009,"CS"
1,"230901","Biryogo","CS","01","01","VILLE DE KIGALI","0101","NYARUGENGE","010107","Nyakabanda",-1.96695,30.05995,"agree",69332,2002,"National Census",428,"Muhima HD",2009,"CS"
2,"230401","Butamwa","CS","01","01","VILLE DE KIGALI","0101","NYARUGENGE","010105","Mageragere",-2.02553,30.02367,"public",14774,2002,"National Census",429,"Muhima HD",2009,"CS"
3,,"CHK/CHUK","HNR","01","01","VILLE DE KIGALI","0101","NYARUGENGE","010103","Kigali",-1.95655,30.06043,"public",,2002,"National Census",,,2009,"XX"
4,"230301","Cor-Unum","CS","01","01","VILLE DE KIGALI","0101","NYARUGENGE","010104","Kimisagara",-1.94545,30.04825,"agree",32699,2002,"National Census",430,"Muhima HD",2009,"CS"
465,,"CMedicoSocial","DISP","01","01","VILLE DE KIGALI","0101","NYARUGENGE","010104","Kimisagara",,,"private",,,,,,2009,"XX"
6,"230601","Kabusunzu","CS","01","01","VILLE DE KIGALI","0101","NYARUGENGE","010109","Nyarugenge",-1.9636,30.05193,"public",55109,2002,"National Census",432,"Muhima HD",2009,"CS"
7,"230501","Muhima","DISP","01","01","VILLE DE KIGALI","0101","NYARUGENGE","010106","Muhima",-1.9367,30.05857,"public",78953,2002,"National Census",433,"Muhima HD",2009,"XX"
8,"2301","Muhima HD","HD","01","01","VILLE DE KIGALI","0101","NYARUGENGE","010106","Muhima",-1.93673,30.05848,"public",262615,2002,"National Census",436,,2009,"HD"
9,"230201","Mwendo","CS","01","01","VILLE DE KIGALI","0101","NYARUGENGE","010103","Kigali",-1.98215,30.01628,"public",17277,2002,"National Census",434,"Muhima HD",2009,"CS"
10,"230502","PCK/Gitega","PRIS","01","01","VILLE DE KIGALI","0101","NYARUGENGE","010109","Nyarugenge",-1.94425,30.05412,"public",5917,2002,"National Census",,,2009,"XX"
12,,"TRAC Clinic","CS","01","01","VILLE DE KIGALI","0101","NYARUGENGE","010103","Kigali",-1.95663,30.06138,"public",,2002,"National Census",,,2009,"CS"
466,"230202","Croix du Sud","CLIN","01","01","VILLE DE KIGALI","0101","NYARUGENGE","010108","Nyamirambo",,,"private",,2008,,,,2009,"XX"
11,"230701","Rugarama","CS","01","01","VILLE DE KIGALI","0101","NYARUGENGE","010108","Nyamirambo",-1.99209,30.04337,"public",33401,2002,"National Census",435,"Muhima HD",2009,"CS"
